"[{""KitapId"":518,""KitapAd"":""ERMİŞ"",""KitapYazar"":""HALİL CİBRAN"",""SayfaSayısı"":54,""YayınEvi"":""TÜRKİYE İŞ BANKASI""},{""KitapId"":517,""KitapAd"":""GEZGİN"",""KitapYazar"":""HALİL CİBRAN"",""SayfaSayısı"":61,""YayınEvi"":""TÜRKİYE İŞ BANKASI""},{""KitapId"":515,""KitapAd"":""MARTİN EDEN"",""KitapYazar"":""JACK LONDON"",""SayfaSayısı"":516,""YayınEvi"":""TÜRKİYE İŞ BANKASI""},{""KitapId"":512,""KitapAd"":""MUTLU BEYİN YAZARI BAHRİ KARAÇ"",""KitapYazar"":""BAHRİ KARAÇAY"",""SayfaSayısı"":207,""YayınEvi"":""TUBİTAK YAYINLARI""},{""KitapId"":511,""KitapAd"":""AŞIK VEYSEL"",""KitapYazar"":""DOGAN KAYA"",""SayfaSayısı"":310,""YayınEvi"":""KÜLTÜR TURİZM BAKANLIGI""},{""KitapId"":519,""KitapAd"":""SEMERKAND"",""KitapYazar"":""AMİN MAALOUF"",""SayfaSayısı"":318,""YayınEvi"":""YAPIKREDİ""},{""KitapId"":5111,""KitapAd"":""NOKTÜRNLER"",""KitapYazar"":""KAZUO ISHİGURO"",""SayfaSayısı"":149,""YayınEvi"":""YAPIKREDİ""},{""KitapId"":5113,""KitapAd"":""AFRİKALI LEO"",""KitapYazar"":""AMİN MAALOUF"",""SayfaSayısı"":373,""YayınEvi"":""YAPIKREDİ""},{""KitapId"":5114,""KitapAd"":""ÇAVDAR TARLASINDA ÇOCUKLAR"",""KitapYazar"":""J.D.SALİNGER"",""SayfaSayısı"":198,""YayınEvi"":""YAPIKREDİ""},{""KitapId"":5115,""KitapAd"":""ALAMUT"",""KitapYazar"":""VLADIMIR BARTOL"",""SayfaSayısı"":510,""YayınEvi"":""KORİDOR YAYINLARI""},{""KitapId"":5116,""KitapAd"":""KARINCANIN SU İÇTİGİ "",""KitapYazar"":""YAŞAR KEMAL"",""SayfaSayısı"":508,""YayınEvi"":""YAPIKREDİ""},{""KitapId"":5119,""KitapAd"":""BİN BOGALAR EFSANESİ"",""KitapYazar"":""YAŞAR KEMAL"",""SayfaSayısı"":281,""YayınEvi"":""YAPIKREDİ""},{""KitapId"":5121,""KitapAd"":""İNCE MEHMED 2"",""KitapYazar"":""YAŞAR KEMAL"",""SayfaSayısı"":459,""YayınEvi"":""YAPIKREDİ""},{""KitapId"":5122,""KitapAd"":""İNCE MEHMED 1"",""KitapYazar"":""YAŞAR KEMAL"",""SayfaSayısı"":436,""YayınEvi"":""YAPIKREDİ""},{""KitapId"":5123,""KitapAd"":""HABABM SINIFI "",""KitapYazar"":""RIFAT ILGAZ"",""SayfaSayısı"":516,""YayınEvi"":""ÇINAR""},{""KitapId"":5124,""KitapAd"":""AYLAK ADAM"",""KitapYazar"":""YUSUF ATILGAN"",""SayfaSayısı"":190,""YayınEvi"":""CAN MODERN""},{""KitapId"":5125,""KitapAd"":""İÇİMİZDEKİ ŞEYTAN"",""KitapYazar"":""SABAHATTİN ALİ"",""SayfaSayısı"":301,""YayınEvi"":""CAN MODERN""},{""KitapId"":5127,""KitapAd"":""SİMYACI"",""KitapYazar"":""PAULO COELHO"",""Sa"
"yfaSayısı"":190,""YayınEvi"":""CAN ÇAĞDAŞ""},{""KitapId"":5129,""KitapAd"":""FÜREYA"",""KitapYazar"":""AYŞE KULİN"",""SayfaSayısı"":426,""YayınEvi"":""EVEREST""},{""KitapId"":5130,""KitapAd"":""KÖRLÜK"",""KitapYazar"":""JOSE SARAMAGO"",""SayfaSayısı"":320,""YayınEvi"":""KIRMIZI KEDİ ""},{""KitapId"":5132,""KitapAd"":""MİLENAYA MEKTUPLAR"",""KitapYazar"":""FRANZ KAFKA"",""SayfaSayısı"":395,""YayınEvi"":""CAN MODERN""},{""KitapId"":5133,""KitapAd"":""SEVDALİNKA"",""KitapYazar"":""AYŞE KULİN"",""SayfaSayısı"":338,""YayınEvi"":""EVEREST""},{""KitapId"":5135,""KitapAd"":""HAYAT"",""KitapYazar"":""ERGİN GEÇTAN"",""SayfaSayısı"":181,""YayınEvi"":""METİS""},{""KitapId"":5136,""KitapAd"":""ZORBA"",""KitapYazar"":""NİKOS KAZANCAKİS"",""SayfaSayısı"":348,""YayınEvi"":""CAN MODERN""},{""KitapId"":5137,""KitapAd"":""MİKROFONU AÇIYORUM"",""KitapYazar"":""SANİYE ÖZTÜRK"",""SayfaSayısı"":192,""YayınEvi"":""BEYAN""},{""KitapId"":5140,""KitapAd"":""ÇOCUKLAR İÇİN ATATÜRK"",""KitapYazar"":""BİLGE UMUT ERDEM"",""SayfaSayısı"":92,""YayınEvi"":""REN ÇOCUK""},{""KitapId"":5141,""KitapAd"":""ÇOCUKLAR İÇİN CUMHURİYET"",""KitapYazar"":""BİLGE UMUT ERDEM"",""SayfaSayısı"":93,""YayınEvi"":""REN ÇOCUK""},{""KitapId"":521,""KitapAd"":""20.ÇOCUK ŞURASI"",""KitapYazar"":""VOLKAN ÇAKMAK"",""SayfaSayısı"":67,""YayınEvi"":""BAGCILAR BELEDİYESİ""},{""KitapId"":526,""KitapAd"":""KEREM İLE ASLI"",""KitapYazar"":""ŞEBNEM YÜZSÖZ"",""SayfaSayısı"":167,""YayınEvi"":""MAVİ ÇATI""},{""KitapId"":527,""KitapAd"":""ÇOCUK KALBİ"",""KitapYazar"":""EDMONDO DE EMİCİS"",""SayfaSayısı"":94,""YayınEvi"":""ETAP""},{""KitapId"":528,""KitapAd"":""NİLS VE UÇAN KAZ"",""KitapYazar"":""SELMA LAGERLÖF"",""SayfaSayısı"":119,""YayınEvi"":""BEYAZ BALİNA""},{""KitapId"":509,""KitapAd"":""YOKUŞA AKAN SULAR"",""KitapYazar"":""MUSTAFA KUTLU"",""SayfaSayısı"":87,""YayınEvi"":""GENÇLİK SPOR""},{""KitapId"":5210,""KitapAd"":""CUMHURİYETİN İLK SABAHI"",""KitapYazar"":""ŞERMİN YAŞAR"",""SayfaSayısı"":120,""YayınEvi"":""KRONİK ""},{""KitapId"":5212,""KitapAd"":""SEVDALI BULUT MASALI"",""KitapYazar"":""NAZIM HİKMET"",""SayfaSayısı"":48,""YayınEvi"":""YAPIKREDİ""},{""KitapId"":5213,""KitapAd"":""BİZİM TARİHİMİZ KURULUŞ"",""KitapYazar"":""DOGAN YILDIZ"",""SayfaSayısı"":64,""YayınEvi"":""MODEL ÇOCUK""},{""KitapId"":5214,""KitapAd"":""ERTUGRUL VE İYİLİK "
"TAKIMI"",""KitapYazar"":""FEHMİ DEMİRBAG"",""SayfaSayısı"":144,""YayınEvi"":""EFOR""},{""KitapId"":5215,""KitapAd"":""BİLLUR KÖŞK MASALLARI"",""KitapYazar"":""SELAMİ MÜNİR YURDATAP"",""SayfaSayısı"":144,""YayınEvi"":""ELİPS""},{""KitapId"":5217,""KitapAd"":""ŞAİR ÇOCUK"",""KitapYazar"":""HİLAL KAHRAMAN"",""SayfaSayısı"":95,""YayınEvi"":""MAVİ KADIN""},{""KitapId"":5218,""KitapAd"":""FİL YANLIZ BİR HAYVANDIR"",""KitapYazar"":""AHMET ŞERİF İZGÖREN"",""SayfaSayısı"":161,""YayınEvi"":""ELMA""},{""KitapId"":5223,""KitapAd"":""KÜÇÜK PRENSES"",""KitapYazar"":""F.H.BURNET"",""SayfaSayısı"":213,""YayınEvi"":""İŞ BANKASI""},{""KitapId"":5225,""KitapAd"":""DOSTUM ÇİNO"",""KitapYazar"":""NİLGÜN ILGAZ"",""SayfaSayısı"":123,""YayınEvi"":""ÇINAR""},{""KitapId"":5228,""KitapAd"":""15 YAŞINDAKİ KAPTAN"",""KitapYazar"":""JULES VERNE"",""SayfaSayısı"":111,""YayınEvi"":""ELMA GENÇ""},{""KitapId"":5229,""KitapAd"":""BUNUN ADI FİNDEL"",""KitapYazar"":""ANDREV CLEMENTS"",""SayfaSayısı"":112,""YayınEvi"":""GÜN IŞIGI""},{""KitapId"":5230,""KitapAd"":""KERTENKELE"",""KitapYazar"":""JOSE SARAMAGO"",""SayfaSayısı"":0,""YayınEvi"":""KIRMIZI KEDİ""},{""KitapId"":5231,""KitapAd"":""KUSLU KITALAR ATLASI"",""KitapYazar"":""İHSAN OKTAY ANAR"",""SayfaSayısı"":238,""YayınEvi"":""İLETİŞİM""},{""KitapId"":5232,""KitapAd"":""SAKIZ SARDUNYA"",""KitapYazar"":""ELİF ŞAFAK"",""SayfaSayısı"":151,""YayınEvi"":""DOGAN ÇOCUK""},{""KitapId"":5234,""KitapAd"":""GÜZEL VE ÇİRKİN"",""KitapYazar"":""GABRİELLE SUZANNE"",""SayfaSayısı"":50,""YayınEvi"":""MAVİ ÇATI""},{""KitapId"":5235,""KitapAd"":""PETER PAN"",""KitapYazar"":""JAMES MATTHEW"",""SayfaSayısı"":80,""YayınEvi"":""SİMGE ""},{""KitapId"":5240,""KitapAd"":""ÇALINAN TAÇ"",""KitapYazar"":""MARK TWAIN"",""SayfaSayısı"":158,""YayınEvi"":""KAYA""},{""KitapId"":5241,""KitapAd"":""KALBİNİ KAYBEDEN ADAM"",""KitapYazar"":""BESTAMİ YAZGAN"",""SayfaSayısı"":96,""YayınEvi"":""NAR GENÇ""},{""KitapId"":5242,""KitapAd"":""FIVE CHILDREN AND IT"",""KitapYazar"":""EDITH NESBIT"",""SayfaSayısı"":54,""YayınEvi"":""OXFORD""},{""KitapId"":5244,""KitapAd"":""AYVE GÜNEŞ"",""KitapYazar"":""CEZBE ERSÖZ"",""SayfaSayısı"":48,""YayınEvi"":""ÖZYÜREK""},{""KitapId"":5246,""KitapAd"":""ROBIN HOOD"",""KitapYazar"":""HOWARD PYLE"",""SayfaSayısı"":129,""YayınEvi"":""KAYA""},{""KitapId"":5250,""KitapAd"":""ARK"
"ADAŞ"",""KitapYazar"":""MEB"",""SayfaSayısı"":68,""YayınEvi"":""MEB""},{""KitapId"":5252,""KitapAd"":""HAYALETLER İŞ BAŞINDA"",""KitapYazar"":""DOGAN EGMANT"",""SayfaSayısı"":92,""YayınEvi"":""HÜRRİYET""},{""KitapId"":5255,""KitapAd"":""İNSAN NEYLE YAŞAR"",""KitapYazar"":""TOLSTOY"",""SayfaSayısı"":95,""YayınEvi"":""REMZİ""},{""KitapId"":5256,""KitapAd"":""ŞEHİRDE BİR ŞEKAVET"",""KitapYazar"":""HÜSEYİN RAHMİ GÖKPINAR"",""SayfaSayısı"":106,""YayınEvi"":""YAPIKREDİ""},{""KitapId"":5257,""KitapAd"":""JANE EYRE"",""KitapYazar"":""CHARLOTTE BRONTE"",""SayfaSayısı"":160,""YayınEvi"":""İNKLAB""},{""KitapId"":5261,""KitapAd"":""ÇALINAN TAÇ"",""KitapYazar"":""MARK TWAIN"",""SayfaSayısı"":160,""YayınEvi"":""PARILTI""},{""KitapId"":52105,""KitapAd"":""TÜRK MASALLARI"",""KitapYazar"":""EMEL İPEK"",""SayfaSayısı"":176,""YayınEvi"":""PAPATYA""},{""KitapId"":5262,""KitapAd"":""DELİ KIZIN TÜRKÜSÜ"",""KitapYazar"":""GÜLTEN AKIN"",""SayfaSayısı"":111,""YayınEvi"":""YAPIKREDİ""},{""KitapId"":5263,""KitapAd"":""KAMYON"",""KitapYazar"":""SALAHATTİN ALİ"",""SayfaSayısı"":129,""YayınEvi"":""YAPIKREDİ""},{""KitapId"":5266,""KitapAd"":""FERMAN"",""KitapYazar"":""ÖMER SEYFETTİN"",""SayfaSayısı"":88,""YayınEvi"":""KARATAY ÇOCUK""},{""KitapId"":5267,""KitapAd"":""KURUMUŞ AGAÇLAR"",""KitapYazar"":""ÖMER SEYFETTİN"",""SayfaSayısı"":87,""YayınEvi"":""KARATAY ÇOCUK""},{""KitapId"":5271,""KitapAd"":""DEFİNE ADASINA DÖNÜŞ"",""KitapYazar"":""JOHN CONNEL"",""SayfaSayısı"":70,""YayınEvi"":""BU ""},{""KitapId"":5272,""KitapAd"":""NASRETTİN HOCADAN SEÇMELER"",""KitapYazar"":""ANONİM"",""SayfaSayısı"":64,""YayınEvi"":""MARTI ÇOCUK""},{""KitapId"":5277,""KitapAd"":""FORSA"",""KitapYazar"":""ÖMER SEYFETTİN"",""SayfaSayısı"":69,""YayınEvi"":""APERATİF""},{""KitapId"":52106,""KitapAd"":""ROBENSON CRUSOE"",""KitapYazar"":""DANİEL DEFOE"",""SayfaSayısı"":72,""YayınEvi"":""BU""},{""KitapId"":5279,""KitapAd"":""BALONLA BEŞ HAFTA"",""KitapYazar"":""JULES VERNE"",""SayfaSayısı"":80,""YayınEvi"":""MAVİ ÇATI""},{""KitapId"":5280,""KitapAd"":""ÇIRAK"",""KitapYazar"":""ŞENGÜL ASAL"",""SayfaSayısı"":134,""YayınEvi"":""AKVARYUM""},{""KitapId"":5281,""KitapAd"":""YALNIZ EFE"",""KitapYazar"":""ÖMER SEYFETTİN"",""SayfaSayısı"":70,""YayınEvi"":""APERATİF""},{""KitapId"":5282,""KitapAd"":""ORMAN ÇOCUĞU MOGLİ"",""KitapYazar"":""RUDYARD KİPLİNG"","
"""SayfaSayısı"":47,""YayınEvi"":""MAVİ ÇATI""},{""KitapId"":5283,""KitapAd"":""HERKESİN İÇTİĞİ SU"",""KitapYazar"":""ÖMER SEYFETTİN"",""SayfaSayısı"":68,""YayınEvi"":""APERATİF""},{""KitapId"":5284,""KitapAd"":""KAPTAN GRANT'IN ÇOCUKLARI"",""KitapYazar"":""JULES VERNE"",""SayfaSayısı"":88,""YayınEvi"":""MAVİ ÇATI""},{""KitapId"":5285,""KitapAd"":""TUMA KILAVUZU"",""KitapYazar"":""JULES VERNE"",""SayfaSayısı"":70,""YayınEvi"":""APERATİF""},{""KitapId"":5286,""KitapAd"":""OKULDA PANİK"",""KitapYazar"":""DOĞAN EGMONT"",""SayfaSayısı"":90,""YayınEvi"":""HÜRRİYET""},{""KitapId"":5287,""KitapAd"":""SİRKTEKİ SIR"",""KitapYazar"":""DOĞAN EGMONT"",""SayfaSayısı"":89,""YayınEvi"":""HÜRRİYET""},{""KitapId"":5288,""KitapAd"":""FENER BALIĞININ KAYIP IŞIĞI"",""KitapYazar"":""GÖKTUĞ CANBABA"",""SayfaSayısı"":166,""YayınEvi"":""DOĞAN EGMONT""},{""KitapId"":5289,""KitapAd"":""ÖĞRETMEN SEVGİSİ"",""KitapYazar"":""CEMAL TELCİ"",""SayfaSayısı"":69,""YayınEvi"":""SİMGE""},{""KitapId"":5290,""KitapAd"":""MARTININ DEDEKTİFLERİ"",""KitapYazar"":""ESRA ALGÖREN"",""SayfaSayısı"":58,""YayınEvi"":""MARTI""},{""KitapId"":5291,""KitapAd"":""MASAL DENİZİ GÜNEŞ PRENSES"",""KitapYazar"":""MASALLARLA KARAKTER EĞİTİMİ"",""SayfaSayısı"":48,""YayınEvi"":""YILMAZ""},{""KitapId"":5292,""KitapAd"":""ORMANIN KALBİNDEKİ ÇOCUK"",""KitapYazar"":""JOHN BOYNE"",""SayfaSayısı"":208,""YayınEvi"":""TUDEM""},{""KitapId"":5293,""KitapAd"":""UÇAN KUŞTAN AL HABERİ"",""KitapYazar"":""SÜLEYMAN BULUT"",""SayfaSayısı"":173,""YayınEvi"":""CAN""},{""KitapId"":5294,""KitapAd"":""BİR SU RÜYASI"",""KitapYazar"":""SEVDA KIDEYŞ"",""SayfaSayısı"":74,""YayınEvi"":""CAĞALOĞLU""},{""KitapId"":5295,""KitapAd"":""ELMA AĞACI"",""KitapYazar"":""CEMAL TELCİ"",""SayfaSayısı"":64,""YayınEvi"":""SİMGE""},{""KitapId"":5296,""KitapAd"":""DENİZ CİNLERİ"",""KitapYazar"":""ÖZLEM AYTEK"",""SayfaSayısı"":48,""YayınEvi"":""MERCEK""},{""KitapId"":5298,""KitapAd"":""BULUT DELİSİ"",""KitapYazar"":""LEYLA BULHAN OKYAY"",""SayfaSayısı"":160,""YayınEvi"":""GÜNEŞ""},{""KitapId"":52100,""KitapAd"":""KRAL ARTHUR VE YUVARLAK MASA ŞÖVALYELERİ"",""KitapYazar"":""HOWARD PYLE"",""SayfaSayısı"":56,""YayınEvi"":""MAVİ ÇATT""},{""KitapId"":52102,""KitapAd"":""BEYAZ ŞİİRLER"",""KitapYazar"":""PERİHAN BEYAZ"",""SayfaSayısı"":115,""YayınEvi"":""YEDİ HARF""},{""KitapId"":52104"
",""KitapAd"":""REÇEL KAVANOZU"",""KitapYazar"":""HOUSHANG MORADİ KERMANİ"",""SayfaSayısı"":94,""YayınEvi"":""KELİME""},{""KitapId"":5320,""KitapAd"":""GÖK DENİZ VE TOPRAK"",""KitapYazar"":""FERİDUN BÜYÜKYILDIZ"",""SayfaSayısı"":74,""YayınEvi"":""CAN""},{""KitapId"":5318,""KitapAd"":""DENİZE DÜŞEN YILDIZ"",""KitapYazar"":""HANDAN DURGUT"",""SayfaSayısı"":85,""YayınEvi"":""CAN""},{""KitapId"":5317,""KitapAd"":""BÖCEK ORKESTRASININ MUHTEŞEM TURNESİ"",""KitapYazar"":""GÖKNİL ÖZKÖK"",""SayfaSayısı"":93,""YayınEvi"":""CAN""},{""KitapId"":5316,""KitapAd"":""TOBIA VE MELEK"",""KitapYazar"":""SUSANNA TAMARO"",""SayfaSayısı"":107,""YayınEvi"":""CAN""},{""KitapId"":5315,""KitapAd"":""KÜÇÜK ADAM BÜYÜRKEN"",""KitapYazar"":""ROALD DAHL"",""SayfaSayısı"":218,""YayınEvi"":""CAN""},{""KitapId"":5314,""KitapAd"":""CHARLIE'NİN ÇİKOLATA FABRİKASI"",""KitapYazar"":""ROALD DAHL"",""SayfaSayısı"":205,""YayınEvi"":""CAN""},{""KitapId"":5313,""KitapAd"":""CHARLIE'NİN BÜYÜK CAM ASANSÖRÜ"",""KitapYazar"":""ROALD DAHL"",""SayfaSayısı"":398,""YayınEvi"":""CAN""},{""KitapId"":5312,""KitapAd"":""PITIRCIK EĞLENİYOR"",""KitapYazar"":""GOSCİNNY SEMPE"",""SayfaSayısı"":148,""YayınEvi"":""CAN""},{""KitapId"":5311,""KitapAd"":""KRİSTAL YELKENLİ"",""KitapYazar"":""JOSE MAURO DE VASCONCELOS"",""SayfaSayısı"":109,""YayınEvi"":""CAN""},{""KitapId"":5310,""KitapAd"":""GULLİVER'İN GEZİLERİ"",""KitapYazar"":""SWİFT KASTNER"",""SayfaSayısı"":92,""YayınEvi"":""CAN""},{""KitapId"":5309,""KitapAd"":""ATLA,BART!"",""KitapYazar"":""SUSANNA TAMARO"",""SayfaSayısı"":253,""YayınEvi"":""CAN""},{""KitapId"":5307,""KitapAd"":""BAŞARISIZLIKLA NASIL BAŞ ETSEM"",""KitapYazar"":""EMMANUELLE RİGON"",""SayfaSayısı"":158,""YayınEvi"":""CAN""},{""KitapId"":5308,""KitapAd"":""ERKEK OLMAKLA NASIL BAŞ ETSEM"",""KitapYazar"":""JACQUES ARENES"",""SayfaSayısı"":99,""YayınEvi"":""CAN""},{""KitapId"":5305,""KitapAd"":""ALİCE HARİKALAR ÜLKESİNDE"",""KitapYazar"":""LEWİS CARROLL"",""SayfaSayısı"":152,""YayınEvi"":""CAN""},{""KitapId"":5202,""KitapAd"":""101 DEYİM 101 ÖYKÜ"",""KitapYazar"":""SÜLEYMAN BULUT"",""SayfaSayısı"":200,""YayınEvi"":""CAN""},{""KitapId"":5301,""KitapAd"":""101 ATASÖZÜ 101 ÖYKÜ"",""KitapYazar"":""SÜLEYMAN BULUT"",""SayfaSayısı"":197,""YayınEvi"":""CAN""},{""KitapId"":5333,""KitapAd"":""ÖZGÜR ROSTO"",""KitapYazar"":""YİĞİT"
" BENER"",""SayfaSayısı"":188,""YayınEvi"":""CAN""},{""KitapId"":5331,""KitapAd"":""SİHİRLİ MOZART"",""KitapYazar"":""GÖKNİL ÖZKÖK"",""SayfaSayısı"":190,""YayınEvi"":""CAN""},{""KitapId"":5327,""KitapAd"":""ARA GÜLER"",""KitapYazar"":""MUHARREM BUHARA"",""SayfaSayısı"":102,""YayınEvi"":""CAN""},{""KitapId"":5323,""KitapAd"":""KÜÇÜK PRENS"",""KitapYazar"":""ANTONİE DE SAİNT "",""SayfaSayısı"":106,""YayınEvi"":""CAN""},{""KitapId"":5335,""KitapAd"":""TABİAT ANA ANLATIYOR"",""KitapYazar"":""CARL EWALD"",""SayfaSayısı"":240,""YayınEvi"":""CAN""},{""KitapId"":5336,""KitapAd"":""BOĞAZİÇİNDE SAKLAMBAÇ"",""KitapYazar"":""MİNA TANSEL"",""SayfaSayısı"":221,""YayınEvi"":""CAN""},{""KitapId"":5339,""KitapAd"":""KIRLANGIÇ ZAMANI"",""KitapYazar"":""AHMET BÜKE"",""SayfaSayısı"":67,""YayınEvi"":""CAN""},{""KitapId"":5340,""KitapAd"":""PAOLO'NUN DÜŞ PROBLEMLERİ"",""KitapYazar"":""STEFANO BORDIGLIONI"",""SayfaSayısı"":120,""YayınEvi"":""CAN""},{""KitapId"":5342,""KitapAd"":""SAYI ŞEYTANI"",""KitapYazar"":""HANS MAGNUS ENZENSBERGER"",""SayfaSayısı"":206,""YayınEvi"":""CAN""},{""KitapId"":5343,""KitapAd"":""AYNASIZ EV"",""KitapYazar"":""MARTEN SANDEN"",""SayfaSayısı"":128,""YayınEvi"":""CAN""},{""KitapId"":5345,""KitapAd"":""PITIRCIKA BİR ÖPÜCÜK"",""KitapYazar"":""GOSCİNNY SEMPE"",""SayfaSayısı"":92,""YayınEvi"":""CAN""},{""KitapId"":5346,""KitapAd"":""KAYA ÇIKMAZINDAKİ OKUL"",""KitapYazar"":""ASLI TOHUMCU"",""SayfaSayısı"":190,""YayınEvi"":""CAN""},{""KitapId"":5347,""KitapAd"":""BATIK ŞEHRİN İŞARETİ"",""KitapYazar"":""ASLI TOHUMCU"",""SayfaSayısı"":188,""YayınEvi"":""CAN""},{""KitapId"":5349,""KitapAd"":""ZAMANDA KAZA"",""KitapYazar"":""BİLGİN ADALI"",""SayfaSayısı"":102,""YayınEvi"":""CAN""},{""KitapId"":5351,""KitapAd"":""ZAMAN BİSİKLETİ"",""KitapYazar"":""BİLGİN ADALI"",""SayfaSayısı"":112,""YayınEvi"":""CAN""},{""KitapId"":5353,""KitapAd"":""GÖZLERİNDE GÜNEŞ VAR"",""KitapYazar"":""SEVİM AK"",""SayfaSayısı"":204,""YayınEvi"":""CAN ""},{""KitapId"":5354,""KitapAd"":""ŞARKINI DENİZLERE SÖYLE"",""KitapYazar"":""SEVİM AK"",""SayfaSayısı"":228,""YayınEvi"":""CAN""},{""KitapId"":5355,""KitapAd"":""UÇURTMAM BULUT ŞİMDİ"",""KitapYazar"":""SEVİM AK"",""SayfaSayısı"":84,""YayınEvi"":""CAN""},{""KitapId"":5357,""KitapAd"":""SİRK KIZI"",""KitapYazar"":""SEVİM AK"",""SayfaSayısı"":102,""YayınEvi"":""CAN""},{""KitapId"
""":5359,""KitapAd"":""DÜNYA HALK MASALLARI"",""KitapYazar"":""ATAOL BEHRAMOĞLU"",""SayfaSayısı"":108,""YayınEvi"":""CAN""},{""KitapId"":513,""KitapAd"":""MUTLU BEYİN YAZARI BAHRİ KARAÇ"",""KitapYazar"":""BAHRİ KARAÇAY"",""SayfaSayısı"":207,""YayınEvi"":""TUBİTAK YAYINLARI""},{""KitapId"":5219,""KitapAd"":""RÜMEYSANIN HAYALİ"",""KitapYazar"":""FİLİZ TOPRAK KARAKAYA"",""SayfaSayısı"":43,""YayınEvi"":""AKVARYUM""},{""KitapId"":5226,""KitapAd"":""EFESİN SIRLARI"",""KitapYazar"":""KORAY AVCI ÇAKMAN"",""SayfaSayısı"":133,""YayınEvi"":""KIRMIZI KEDİ""},{""KitapId"":5233,""KitapAd"":""DON KİŞOT"",""KitapYazar"":""CERVANTES"",""SayfaSayısı"":96,""YayınEvi"":""BİRLEŞİK TOMURCUK""},{""KitapId"":5236,""KitapAd"":""ÜÇ NASİHAT"",""KitapYazar"":""ÖMER SEYFETTİN"",""SayfaSayısı"":72,""YayınEvi"":""AKÇAG""},{""KitapId"":5247,""KitapAd"":""PERİLİ KÖŞK"",""KitapYazar"":""ÖMER SEYFETTİN"",""SayfaSayısı"":67,""YayınEvi"":""OPERATİF""},{""KitapId"":5258,""KitapAd"":""PAL SOKAGIN ÇOCUKLARI"",""KitapYazar"":""FERENC MOLNAR"",""SayfaSayısı"":235,""YayınEvi"":""YAPIKREDİ""},{""KitapId"":5270,""KitapAd"":""ÇOCUK KALBİ"",""KitapYazar"":""EDMONDE DE AMICIS"",""SayfaSayısı"":208,""YayınEvi"":""EMA KİTAB""},{""KitapId"":5273,""KitapAd"":""ALİCANIN GÜNLÜGÜ"",""KitapYazar"":""NEHİR AYDIN GÖKDUMAN"",""SayfaSayısı"":48,""YayınEvi"":""DAMLA""},{""KitapId"":5276,""KitapAd"":""GÜMÜŞ PATENLER"",""KitapYazar"":""MARY MAPES DODGE"",""SayfaSayısı"":111,""YayınEvi"":""APERATİF""},{""KitapId"":5299,""KitapAd"":""HİKAYELER"",""KitapYazar"":""ANTON ÇEHOV"",""SayfaSayısı"":52,""YayınEvi"":""MAVİ ÇATI""},{""KitapId"":52101,""KitapAd"":""RÜYANDA ÇÖZERSİN"",""KitapYazar"":""TOPRAK IŞIK"",""SayfaSayısı"":180,""YayınEvi"":""DOĞAN EGMONT""},{""KitapId"":52103,""KitapAd"":""KAŞAĞI"",""KitapYazar"":""ÖMER SEYFETTİN"",""SayfaSayısı"":87,""YayınEvi"":""KARA TAY ÇOCUK""},{""KitapId"":5319,""KitapAd"":""HOŞÇA KAL KÜÇÜK"",""KitapYazar"":""TARIK DURSUN K."",""SayfaSayısı"":189,""YayınEvi"":""CAN""},{""KitapId"":5360,""KitapAd"":""KÜÇÜK KARA BALIK"",""KitapYazar"":""SAMED BEHRENGİ"",""SayfaSayısı"":50,""YayınEvi"":""CAN""},{""KitapId"":5361,""KitapAd"":""ODISSEIA"",""KitapYazar"":""HOMEROS"",""SayfaSayısı"":107,""YayınEvi"":""CAN""},{""KitapId"":5363,""KitapAd"":""GRİMM MASALLARI"",""KitapYazar"":""GRİMM KARDEŞLER"",""SayfaSayısı"":278,"
"""YayınEvi"":""CAN""},{""KitapId"":5365,""KitapAd"":""PÜSKÜLLÜ DEVE"",""KitapYazar"":""SAMED BEHRENGİ"",""SayfaSayısı"":55,""YayınEvi"":""CAN""},{""KitapId"":5366,""KitapAd"":""İDİL BİRET DANS EDEN PARMAKLAR"",""KitapYazar"":""GÜLÇİN ALPÖGE"",""SayfaSayısı"":87,""YayınEvi"":""CAN""},{""KitapId"":5367,""KitapAd"":""PİGMELER ORMANI"",""KitapYazar"":""ISABEL ALLENDE "",""SayfaSayısı"":310,""YayınEvi"":""CAN""},{""KitapId"":5368,""KitapAd"":""MÜHÜRLERİN MUHAFIZI"",""KitapYazar"":""DELAL ARYA"",""SayfaSayısı"":182,""YayınEvi"":""CAN""},{""KitapId"":5369,""KitapAd"":""İSTANBULLA SAKLANMBAÇ"",""KitapYazar"":""MİNA TANSEL"",""SayfaSayısı"":188,""YayınEvi"":""CAN""},{""KitapId"":5370,""KitapAd"":""KÖRLER ÜLKESİ"",""KitapYazar"":""DELAL ARYA"",""SayfaSayısı"":148,""YayınEvi"":""CAN""},{""KitapId"":5372,""KitapAd"":""ALTINÇAYIR VADİSİNİN ÇOCUKLARI"",""KitapYazar"":""LATİFE TEKİN"",""SayfaSayısı"":92,""YayınEvi"":""CAN""},{""KitapId"":5375,""KitapAd"":""KAPLAN VE CAMBAZ"",""KitapYazar"":""SUSANNA TAMARO"",""SayfaSayısı"":150,""YayınEvi"":""CAN""},{""KitapId"":5376,""KitapAd"":""BEYAZ YELE"",""KitapYazar"":""RENE GUİLLOT"",""SayfaSayısı"":107,""YayınEvi"":""CAN""},{""KitapId"":5378,""KitapAd"":""BİR PROBLEM BİN ÇÖZÜM"",""KitapYazar"":""NEHİR YARAR"",""SayfaSayısı"":72,""YayınEvi"":""CAN""},{""KitapId"":5379,""KitapAd"":""YEDİ İKLİM DÖRT BUCAK"",""KitapYazar"":""EVLİYA ÇELEBİ"",""SayfaSayısı"":64,""YayınEvi"":""CAN ÇOCUK""},{""KitapId"":5381,""KitapAd"":""SÜPER GAZETECİLER"",""KitapYazar"":""AYTÜL AKAL"",""SayfaSayısı"":206,""YayınEvi"":""TUDEM""},{""KitapId"":5382,""KitapAd"":""MARANGOZUN KÖPEĞİ KAŞTANKA"",""KitapYazar"":""ANTON ÇEHOV"",""SayfaSayısı"":61,""YayınEvi"":""CAN""},{""KitapId"":5383,""KitapAd"":""MUTLU PRENS"",""KitapYazar"":""ORCAR WİLDE"",""SayfaSayısı"":190,""YayınEvi"":""ETAP""},{""KitapId"":541,""KitapAd"":""ROBOTLAR GERÇEKTEN AKILLI MIDIR"",""KitapYazar"":""FEDERICO TADDIA"",""SayfaSayısı"":87,""YayınEvi"":""KETEBE""},{""KitapId"":542,""KitapAd"":""SİNDİRİM SİSTEMİ"",""KitapYazar"":""SAVAŞ ÖZDEMİR"",""SayfaSayısı"":48,""YayınEvi"":""TİMAŞ ÇOCUK""},{""KitapId"":543,""KitapAd"":""EVERENİN OLUŞUMU VE BIG BANG"",""KitapYazar"":""SAVAŞ ÖZDEMİR"",""SayfaSayısı"":47,""YayınEvi"":""TİMAİ ÇOCUK""},{""KitapId"":544,""KitapAd"":""DÜNYANIN UYDUSU AY"",""KitapYazar"":""SAVAŞ ÖZDEMİR"","""
"SayfaSayısı"":48,""YayınEvi"":""TİMAİ ÇOCUK""},{""KitapId"":545,""KitapAd"":""DÜNYAMIZ"",""KitapYazar"":""SAVAŞ ÖZDEMİR"",""SayfaSayısı"":48,""YayınEvi"":""TİMAŞ ÇOCUK""},{""KitapId"":549,""KitapAd"":""HİKAYELER"",""KitapYazar"":""TOLSTOY"",""SayfaSayısı"":175,""YayınEvi"":""ETAP""},{""KitapId"":5410,""KitapAd"":""ALİCE HARİKALAR DİYARINDA"",""KitapYazar"":""CHARLES LUTWIDGE DODGSON"",""SayfaSayısı"":111,""YayınEvi"":""ETAP""},{""KitapId"":5411,""KitapAd"":""ALİCE HARİKALAR DİYARINDA"",""KitapYazar"":""CHARLES LUTWIDGE DODGSON"",""SayfaSayısı"":111,""YayınEvi"":""ETAP""},{""KitapId"":5412,""KitapAd"":""ALİCE HARİKALAR DİYARINDA"",""KitapYazar"":""CHARLES LUTWIDGE DODGSON"",""SayfaSayısı"":111,""YayınEvi"":""ETAP""},{""KitapId"":5413,""KitapAd"":""ZEHRANIN HADİS GÜNLÜĞÜ"",""KitapYazar"":""FATMA ÇAĞDAŞ BÖREKÇİ"",""SayfaSayısı"":112,""YayınEvi"":""DİYANET""},{""KitapId"":5414,""KitapAd"":""YOKUŞA AKAN SULAR"",""KitapYazar"":""MUSTAFA KUTLU"",""SayfaSayısı"":87,""YayınEvi"":""DERGAH""},{""KitapId"":5415,""KitapAd"":""RIBİN HOOD"",""KitapYazar"":""HOWARD PYLE"",""SayfaSayısı"":238,""YayınEvi"":""ETAP""},{""KitapId"":5416,""KitapAd"":""HİKAYELER"",""KitapYazar"":""TOLSTOY"",""SayfaSayısı"":175,""YayınEvi"":""ETAP""},{""KitapId"":5419,""KitapAd"":""MAİ VE SİYAH"",""KitapYazar"":""HALİT ZİYA UŞAKLIGİL"",""SayfaSayısı"":336,""YayınEvi"":""İNKILAP""},{""KitapId"":5420,""KitapAd"":""YAPRAK DÖKÜMÜ"",""KitapYazar"":""REŞAT NURİ GÜNTEKİN"",""SayfaSayısı"":160,""YayınEvi"":""İNKILAP""},{""KitapId"":5421,""KitapAd"":""KUYRUKLU YILDIZ ALTINDA BİR İZDİVAÇ"",""KitapYazar"":""HÜSEYİN RAHMİ GÜRPINAR"",""SayfaSayısı"":158,""YayınEvi"":""REMZİ KİTABEVİ""},{""KitapId"":5471,""KitapAd"":""HAYAL KURMA DERSLERİ"",""KitapYazar"":""PELİN GÜNEŞ"",""SayfaSayısı"":110,""YayınEvi"":""TUDEM""},{""KitapId"":5472,""KitapAd"":""DEMİR MASKELİ ADAM"",""KitapYazar"":""ALEXANDRE DUMAS"",""SayfaSayısı"":112,""YayınEvi"":""ÇOCUK GEZEGENİ""},{""KitapId"":5473,""KitapAd"":""ÖMERİN ÖFKE KONTROLÜ"",""KitapYazar"":""HANDAN YALVAŞ ARICI"",""SayfaSayısı"":48,""YayınEvi"":""NESİL ÇOCUK""},{""KitapId"":5475,""KitapAd"":""SİYAH İNCİ"",""KitapYazar"":""ANNA SEWEL"",""SayfaSayısı"":113,""YayınEvi"":""TÜRKİYE İŞ""},{""KitapId"":5476,""KitapAd"":""DEĞİRMENİMDEN MEKTUPLAR"",""KitapYazar"":""ALPHONSE DAUDET"",""SayfaSayısı"
""":63,""YayınEvi"":""B&T""},{""KitapId"":5480,""KitapAd"":""PANORAMA 1453 TARİH MÜZESİ"",""KitapYazar"":""İSMİHAN ARSLAN"",""SayfaSayısı"":48,""YayınEvi"":""GİZEMLİ BAHÇE""},{""KitapId"":5481,""KitapAd"":""ELİFİN OLAĞANÜSTÜ DÜŞLERİ 2"",""KitapYazar"":""BİLGİN ADALI"",""SayfaSayısı"":71,""YayınEvi"":""BİLGE KÜLTÜR SANAT""},{""KitapId"":5482,""KitapAd"":""MUTLU PRENS"",""KitapYazar"":""OSCAR WILDE"",""SayfaSayısı"":46,""YayınEvi"":""MAVİÇATI""},{""KitapId"":5486,""KitapAd"":""KIRMIZI BİSİKLET"",""KitapYazar"":""ATİLLA DAMAR"",""SayfaSayısı"":48,""YayınEvi"":""KARATAY ÇOCUK""},{""KitapId"":5447,""KitapAd"":""BİR KÜÇÜK OSMANCIK VARDI"",""KitapYazar"":""HASAN NAİL CANAT"",""SayfaSayısı"":124,""YayınEvi"":""GENÇ TİMAŞ""},{""KitapId"":5448,""KitapAd"":""DİYET"",""KitapYazar"":""ÖMER SEYFETTİN"",""SayfaSayısı"":78,""YayınEvi"":""TİMAŞ ÇOCUK""},{""KitapId"":5449,""KitapAd"":""MESNEVİDEN HİKAYELER"",""KitapYazar"":""SADIK YALSIZUÇANLAR"",""SayfaSayısı"":192,""YayınEvi"":""TİMAŞ""},{""KitapId"":5451,""KitapAd"":""YARALI SERÇE"",""KitapYazar"":""HASAN NAİL CANAT"",""SayfaSayısı"":142,""YayınEvi"":""GENÇ TİMAŞ""},{""KitapId"":5453,""KitapAd"":""PAMUKKALE"",""KitapYazar"":""CEZMİ ERSÖZ"",""SayfaSayısı"":47,""YayınEvi"":""ÖZYÜREK""},{""KitapId"":5454,""KitapAd"":""CÜCELER ÜLKESİ"",""KitapYazar"":""SABRİ ALTINAY"",""SayfaSayısı"":48,""YayınEvi"":""ÖZYÜREK""},{""KitapId"":5456,""KitapAd"":""GÖZ"",""KitapYazar"":""CEZMİ ERSÖZ"",""SayfaSayısı"":48,""YayınEvi"":""ÖZYÜREK""},{""KitapId"":5457,""KitapAd"":""DON KİŞOT"",""KitapYazar"":""CERVANTES"",""SayfaSayısı"":72,""YayınEvi"":""BU""},{""KitapId"":5459,""KitapAd"":""DON KİŞOT"",""KitapYazar"":""CERVANTES"",""SayfaSayısı"":112,""YayınEvi"":""EMA ÇOCUK""},{""KitapId"":5664,""KitapAd"":""PİS KOKAN GEZEGEN"",""KitapYazar"":""SYLVIE BAUSSİER"",""SayfaSayısı"":96,""YayınEvi"":""YO""},{""KitapId"":5465,""KitapAd"":""PEMBE İNCİLLİ KAFTAN"",""KitapYazar"":""ÖMER SEYFETTİN"",""SayfaSayısı"":86,""YayınEvi"":""KARATAY ÇOCUK""},{""KitapId"":5467,""KitapAd"":""SESSİZ DEV"",""KitapYazar"":""OSMAN KAPLAN"",""SayfaSayısı"":80,""YayınEvi"":""ZAMBAK""},{""KitapId"":5439,""KitapAd"":""OKUMAYI ÇOK SEVEN FARE"",""KitapYazar"":""BARBARA WERSBA"",""SayfaSayısı"":63,""YayınEvi"":""KELİME""},{""KitapId"":5442,""KitapAd"":""EVLİYA ÇELEBİ GİBİ"",""KitapYazar"":""ARSLAN SAYMAN"
""",""SayfaSayısı"":121,""YayınEvi"":""KIRMIZIKEDİ ÇOCUK""},{""KitapId"":5444,""KitapAd"":""İLK NAMAZ"",""KitapYazar"":""ÖMER SEYFETTİN"",""SayfaSayısı"":70,""YayınEvi"":""KARATAY ÇOCUK""},{""KitapId"":5445,""KitapAd"":""DEMİRYOLU ÇOCUKLARI"",""KitapYazar"":""E. NESBIT"",""SayfaSayısı"":134,""YayınEvi"":""BEYAZ BALİNA""},{""KitapId"":5446,""KitapAd"":""İNSAN NE İLE YAŞAR"",""KitapYazar"":""LEO TOLSTOY"",""SayfaSayısı"":48,""YayınEvi"":""MERAM""},{""KitapId"":5423,""KitapAd"":""OKULDA FARE VAR"",""KitapYazar"":""ORHAN BİLİR"",""SayfaSayısı"":58,""YayınEvi"":""NAR ÇOCUK""},{""KitapId"":5424,""KitapAd"":""ALTIN BİLEZİK"",""KitapYazar"":""KARDEŞLER"",""SayfaSayısı"":78,""YayınEvi"":""IŞIL""},{""KitapId"":5426,""KitapAd"":""EZOP MASALLARI"",""KitapYazar"":""EZOP"",""SayfaSayısı"":64,""YayınEvi"":""SIRADIŞI""},{""KitapId"":5427,""KitapAd"":""BİR ŞEFTALİ BİN ŞEFTALİ"",""KitapYazar"":""SAMET BAHRENGİ"",""SayfaSayısı"":60,""YayınEvi"":""DEMOS ÇOCUK""},{""KitapId"":5428,""KitapAd"":""BALİNA AVCILARI"",""KitapYazar"":""P. S. JOHN"",""SayfaSayısı"":94,""YayınEvi"":""SERHAT""},{""KitapId"":5429,""KitapAd"":""MUTLU PRENS"",""KitapYazar"":""OSCAR WILDE"",""SayfaSayısı"":64,""YayınEvi"":""GÜNEŞ""},{""KitapId"":5430,""KitapAd"":""BİR ŞEFTALİ BİN ŞEFTALİ"",""KitapYazar"":""SAMET BAHRENGİ"",""SayfaSayısı"":48,""YayınEvi"":""ÖZYÜREK""},{""KitapId"":5432,""KitapAd"":""TAHSİN İN DÜŞÜNCELERİ"",""KitapYazar"":""AHMET ÇAKMAK"",""SayfaSayısı"":47,""YayınEvi"":""GİZEMLİ BAHÇE""},{""KitapId"":5433,""KitapAd"":""GÜLİVERİN GEZİLERİ"",""KitapYazar"":""JONATHAN SWİFT"",""SayfaSayısı"":143,""YayınEvi"":""PARILTI""},{""KitapId"":5434,""KitapAd"":""BEYAZ DİŞ"",""KitapYazar"":""JACK LONDON"",""SayfaSayısı"":50,""YayınEvi"":""MAVİÇATI""},{""KitapId"":5435,""KitapAd"":""SİNDİRİM SİSTEMİ"",""KitapYazar"":""CEZMİ ERSÖZ"",""SayfaSayısı"":48,""YayınEvi"":""ÖZYÜREK""},{""KitapId"":5436,""KitapAd"":""YALNIZ EFE"",""KitapYazar"":""ÖMER SEYFETTİN"",""SayfaSayısı"":80,""YayınEvi"":""PARILTI""},{""KitapId"":5437,""KitapAd"":""MEVLANANIN MESNEVİSİNDEN SEÇME HİKAYELER"",""KitapYazar"":""MEVLANA"",""SayfaSayısı"":80,""YayınEvi"":""PARILTI""},{""KitapId"":5438,""KitapAd"":""KAŞAĞI"",""KitapYazar"":""ÖMER SEYFETTİN"",""SayfaSayısı"":159,""YayınEvi"":""PARILTI""},{""KitapId"":5489,""KitapAd"":""ASYANIN MÜZİK KUTUSU"",""KitapYazar"":"""
"SAVAŞ GÖNEN"",""SayfaSayısı"":80,""YayınEvi"":""TÜREV""},{""KitapId"":5493,""KitapAd"":""GİZLİ MABET"",""KitapYazar"":""ÖMER SEYFETTİN"",""SayfaSayısı"":80,""YayınEvi"":""KARATAY ÇOCUK""},{""KitapId"":5498,""KitapAd"":""GÜLDÜREN DEYİMLER 3"",""KitapYazar"":""LEYLA FİDANAY"",""SayfaSayısı"":64,""YayınEvi"":""ÖYKÜ""},{""KitapId"":54100,""KitapAd"":""DÜNYANIN UCUNDAKİ FENER"",""KitapYazar"":""JULES VERNE"",""SayfaSayısı"":88,""YayınEvi"":""MAVİÇATI""},{""KitapId"":54102,""KitapAd"":""DOKTOR OX UN DENEYİ"",""KitapYazar"":""JULES VERNE"",""SayfaSayısı"":72,""YayınEvi"":""MAVİÇATI""},{""KitapId"":54104,""KitapAd"":""DAVID COPPERFIELD"",""KitapYazar"":""CHARLES DİCKENS"",""SayfaSayısı"":61,""YayınEvi"":""MAVİÇATI""},{""KitapId"":54105,""KitapAd"":""TÜRK ÖYKÜLERİNDEN SEÇMELER"",""KitapYazar"":""ZEYNEP GÜLEÇ"",""SayfaSayısı"":72,""YayınEvi"":""BİRLEŞİK TOMURCUK""},{""KitapId"":54106,""KitapAd"":""POLLYANNA"",""KitapYazar"":""ELEANOR H. PORTER"",""SayfaSayısı"":64,""YayınEvi"":""B-T ""},{""KitapId"":54108,""KitapAd"":""ÇILGIN DEDEMİN ZAMAN MAKİNESİ"",""KitapYazar"":""SARA GÜRBÜZ ÖZEREN"",""SayfaSayısı"":64,""YayınEvi"":""DAMLA""},{""KitapId"":54109,""KitapAd"":""FİZİK VE BAYAN LOKOMOTİF"",""KitapYazar"":""BLANDİNE PLUCHET"",""SayfaSayısı"":71,""YayınEvi"":""ODTÜ""},{""KitapId"":54111,""KitapAd"":""ÇOCUK KALBİ"",""KitapYazar"":""EDMONDO DE AMİCİS"",""SayfaSayısı"":80,""YayınEvi"":""ATEŞ BÖCEĞİ""},{""KitapId"":54113,""KitapAd"":""TEKE TEK"",""KitapYazar"":""ÖMER SEYFETTİN"",""SayfaSayısı"":70,""YayınEvi"":""APERATİF""},{""KitapId"":54114,""KitapAd"":""TOM SAWYER"",""KitapYazar"":""MARK TWAİN"",""SayfaSayısı"":72,""YayınEvi"":""BU""},{""KitapId"":54116,""KitapAd"":""ŞIK"",""KitapYazar"":""HÜSEYİN RAHMİ GÜRPINAR"",""SayfaSayısı"":92,""YayınEvi"":""BEŞİR""},{""KitapId"":54117,""KitapAd"":""YEŞİL SAHA KIRMIZI PERDE"",""KitapYazar"":""RENAN ÖZDEMİR"",""SayfaSayısı"":143,""YayınEvi"":""KELİME""},{""KitapId"":54119,""KitapAd"":""GÜLİVER DEVLER ÜLKESİNDE"",""KitapYazar"":""JONATHAN SWİFT"",""SayfaSayısı"":63,""YayınEvi"":""TİMAŞ""},{""KitapId"":54120,""KitapAd"":""İNTİBAH"",""KitapYazar"":""NAMIK KEMAL"",""SayfaSayısı"":172,""YayınEvi"":""ÇINAR""},{""KitapId"":612,""KitapAd"":""İBNİ TUFEYL İLE AKIL ADASINDA BİR BAŞINA"",""KitapYazar"":""ÖZHAN ÖZE"",""SayfaSayısı"":55,""YayınEvi"":""KETEBE""}"
",{""KitapId"":613,""KitapAd"":""GAZALİ İLE ATEŞLE PAMUK ARASINDA"",""KitapYazar"":""ÖZKAN ÖZE"",""SayfaSayısı"":55,""YayınEvi"":""KETEBE""},{""KitapId"":615,""KitapAd"":""EVVEL ZAMAN İÇİNDE"",""KitapYazar"":""EFLATUN CEM GÜNEY"",""SayfaSayısı"":175,""YayınEvi"":""NAR GENÇ""},{""KitapId"":617,""KitapAd"":""FALAKA"",""KitapYazar"":""AHMET RASİM"",""SayfaSayısı"":96,""YayınEvi"":""İSKELE""},{""KitapId"":6112,""KitapAd"":""YANKILI KAYALAR"",""KitapYazar"":""AHMET YILMAZ BOYUNAĞA"",""SayfaSayısı"":112,""YayınEvi"":""TİMAŞ""},{""KitapId"":6114,""KitapAd"":""YANKILI KAYALAR"",""KitapYazar"":""AHMET YILMAZ BOYUNAĞA"",""SayfaSayısı"":112,""YayınEvi"":""TİMAŞ""},{""KitapId"":6117,""KitapAd"":""YANKILI KAYALAR"",""KitapYazar"":""AHMET YILMAZ BOYUNAĞA"",""SayfaSayısı"":112,""YayınEvi"":""TİMAŞ""},{""KitapId"":6118,""KitapAd"":""YANKILI KAYALAR"",""KitapYazar"":""AHMET YILMAZ BOYUNAĞA"",""SayfaSayısı"":112,""YayınEvi"":""TİMAŞ""},{""KitapId"":6121,""KitapAd"":""DEFİNE ADASI"",""KitapYazar"":""ROBERT LOUİS STEVENSON"",""SayfaSayısı"":111,""YayınEvi"":""MAVİ ÇATI""},{""KitapId"":6122,""KitapAd"":""DEFİNE ADASI"",""KitapYazar"":""ROBERT LOUİS STEVENSON"",""SayfaSayısı"":111,""YayınEvi"":""MAVİ ÇATI""},{""KitapId"":6124,""KitapAd"":""DEFİNE ADASI"",""KitapYazar"":""ROBERT LOUİS STEVENSON"",""SayfaSayısı"":111,""YayınEvi"":""MAVİ ÇATI""},{""KitapId"":6126,""KitapAd"":""DEFİNE ADASI"",""KitapYazar"":""ROBERT LOUİS STEVENSON"",""SayfaSayısı"":111,""YayınEvi"":""MAVİ ÇATI""},{""KitapId"":6129,""KitapAd"":""YALNIZ EFE"",""KitapYazar"":""ÖMER SEYFETTİN"",""SayfaSayısı"":70,""YayınEvi"":""MAVİ ÇATI""},{""KitapId"":6130,""KitapAd"":""YALNIZ EFE"",""KitapYazar"":""ÖMER SEYFETTİN"",""SayfaSayısı"":70,""YayınEvi"":""MAVİ ÇATI""},{""KitapId"":6132,""KitapAd"":""YALNIZ EFE"",""KitapYazar"":""ÖMER SEYFETTİN"",""SayfaSayısı"":70,""YayınEvi"":""MAVİ ÇATI""},{""KitapId"":6135,""KitapAd"":""SEKSEN GÜNDE DÜNYA TURU"",""KitapYazar"":""JULES VERNE"",""SayfaSayısı"":167,""YayınEvi"":""KİTAP VADİSİ""},{""KitapId"":6137,""KitapAd"":""SEKSEN GÜNDE DÜNYA TURU"",""KitapYazar"":""JULES VERNE"",""SayfaSayısı"":167,""YayınEvi"":""KİTAP VADİSİ""},{""KitapId"":6139,""KitapAd"":""SEKSEN GÜNDE DÜNYA TURU"",""KitapYazar"":""JULES VERNE"",""SayfaSayısı"":167,""YayınEvi"":""KİTAP VADİSİ""},{""KitapId"":516,""KitapAd"":""DE"
"NİZ FENERİ"",""KitapYazar"":""WIRGINIA WOLF"",""SayfaSayısı"":215,""YayınEvi"":""TÜRKİYE İŞ BANKASI""},{""KitapId"":514,""KitapAd"":""MUTLU BEYİN YAZARI BAHRİ KARAÇ"",""KitapYazar"":""BAHRİ KARAÇAY"",""SayfaSayısı"":207,""YayınEvi"":""TUBİTAK YAYINLARI""},{""KitapId"":5118,""KitapAd"":""ÜÇ ANADOLU EFSANESİ"",""KitapYazar"":""YAŞAR KEMAL"",""SayfaSayısı"":222,""YayınEvi"":""YAPIKREDİ""},{""KitapId"":5128,""KitapAd"":""SIRLAR OTELİ"",""KitapYazar"":""DELAL ARYA"",""SayfaSayısı"":175,""YayınEvi"":""CAN""},{""KitapId"":5269,""KitapAd"":""BENİM KAHRAMAN KÖPEKLERİM"",""KitapYazar"":""GÜN ZİLERİ"",""SayfaSayısı"":56,""YayınEvi"":""ÖZYÜREK""},{""KitapId"":5275,""KitapAd"":""İLK NAMAZ"",""KitapYazar"":""ÖMER SEYFETTİN"",""SayfaSayısı"":70,""YayınEvi"":""APERATİF""},{""KitapId"":5278,""KitapAd"":""ROBİNSONLAR OKULU"",""KitapYazar"":""JULES VERNE"",""SayfaSayısı"":78,""YayınEvi"":""MAVİ ÇATI""},{""KitapId"":5306,""KitapAd"":""PETER PAN İLE WENDY "",""KitapYazar"":""JAMES MATTHEW"",""SayfaSayısı"":233,""YayınEvi"":""CAN""},{""KitapId"":5303,""KitapAd"":""BALİNA NASIL BALİNA OLDU"",""KitapYazar"":""TED HUGHES"",""SayfaSayısı"":117,""YayınEvi"":""CAN""},{""KitapId"":5329,""KitapAd"":""KÜLE DÖNÜŞEN KALP"",""KitapYazar"":""GÖKNİL ÖZKÖK"",""SayfaSayısı"":98,""YayınEvi"":""CAN""},{""KitapId"":5326,""KitapAd"":""MARİE CURİE VE ATOMLARIN SIRRI"",""KitapYazar"":""LUCA NOVELLİ"",""SayfaSayısı"":125,""YayınEvi"":""CAN""},{""KitapId"":5324,""KitapAd"":""ÜNLÜLER DE ÇOCUKTU"",""KitapYazar"":""HİKMET ALTINKAYNAK"",""SayfaSayısı"":129,""YayınEvi"":""CAN""},{""KitapId"":5356,""KitapAd"":""DÖRT GÖZ"",""KitapYazar"":""SEVİM AK"",""SayfaSayısı"":107,""YayınEvi"":""CAN""},{""KitapId"":5358,""KitapAd"":""EZOP MASALLARI"",""KitapYazar"":""EZOP"",""SayfaSayısı"":140,""YayınEvi"":""CAN""},{""KitapId"":5364,""KitapAd"":""SEVGİ MASALI"",""KitapYazar"":""SAMED BEHRENGİ"",""SayfaSayısı"":45,""YayınEvi"":""CAN""},{""KitapId"":5371,""KitapAd"":""ATATÜRK ANLATIYOR"",""KitapYazar"":""ADNAN BİNYAZAR"",""SayfaSayısı"":208,""YayınEvi"":""CAN""},{""KitapId"":546,""KitapAd"":""ANTON ÇEHOVDAN ÖYKÜLER"",""KitapYazar"":""ANTON ÇEHOV"",""SayfaSayısı"":123,""YayınEvi"":""ETAP""},{""KitapId"":5452,""KitapAd"":""BİR KÜÇÜK OSMANCIK VARDI"",""KitapYazar"":""HASAN NAİL CANAT"",""SayfaSayısı"":123,""YayınEvi"":""GENÇ TİMAŞ""},{""KitapId"
""":5494,""KitapAd"":""BEN BÜYÜYÜNCE"",""KitapYazar"":""AHMET ÇAKMAK"",""SayfaSayısı"":47,""YayınEvi"":""GİZEMLŞ BAHÇE""},{""KitapId"":5497,""KitapAd"":""KORKU VE SONUCU"",""KitapYazar"":""SAMET AĞAOĞLU"",""SayfaSayısı"":63,""YayınEvi"":""AKVARYUM""},{""KitapId"":54115,""KitapAd"":""KUYRUKLU YILDIZ ALTINDA BİR İZDİVAÇ"",""KitapYazar"":""HÜSEYİN RAHMİ GÜRPINAR"",""SayfaSayısı"":168,""YayınEvi"":""BEŞİR""},{""KitapId"":611,""KitapAd"":""İBNİ SİNA İLE UÇAN ADAMIN PEŞİNDE"",""KitapYazar"":""ÖZKAN ÖZE"",""SayfaSayısı"":52,""YayınEvi"":""KETEBE""},{""KitapId"":6111,""KitapAd"":""FALAKA"",""KitapYazar"":""AHMET RASİM"",""SayfaSayısı"":96,""YayınEvi"":""İSKELE""},{""KitapId"":6113,""KitapAd"":""YANKILI KAYALAR"",""KitapYazar"":""AHMET YILMAZ BOYUNAĞA"",""SayfaSayısı"":112,""YayınEvi"":""TİMAŞ""},{""KitapId"":6120,""KitapAd"":""DEFİNE ADASI"",""KitapYazar"":""ROBERT LOUİS STEVENSON"",""SayfaSayısı"":111,""YayınEvi"":""MAVİ ÇATI""},{""KitapId"":6123,""KitapAd"":""DEFİNE ADASI"",""KitapYazar"":""ROBERT LOUİS STEVENSON"",""SayfaSayısı"":111,""YayınEvi"":""MAVİ ÇATI""},{""KitapId"":6127,""KitapAd"":""YALNIZ EFE"",""KitapYazar"":""ÖMER SEYFETTİN"",""SayfaSayısı"":70,""YayınEvi"":""MAVİ ÇATI""},{""KitapId"":6128,""KitapAd"":""YALNIZ EFE"",""KitapYazar"":""ÖMER SEYFETTİN"",""SayfaSayısı"":70,""YayınEvi"":""MAVİ ÇATI""},{""KitapId"":6131,""KitapAd"":""YALNIZ EFE"",""KitapYazar"":""ÖMER SEYFETTİN"",""SayfaSayısı"":70,""YayınEvi"":""MAVİ ÇATI""},{""KitapId"":6134,""KitapAd"":""YALNIZ EFE"",""KitapYazar"":""ÖMER SEYFETTİN"",""SayfaSayısı"":70,""YayınEvi"":""MAVİ ÇATI""},{""KitapId"":6138,""KitapAd"":""SEKSEN GÜNDE DÜNYA TURU"",""KitapYazar"":""JULES VERNE"",""SayfaSayısı"":167,""YayınEvi"":""KİTAP VADİSİ""},{""KitapId"":6140,""KitapAd"":""SEKSEN GÜNDE DÜNYA TURU"",""KitapYazar"":""JULES VERNE"",""SayfaSayısı"":167,""YayınEvi"":""KİTAP VADİSİ""},{""KitapId"":6141,""KitapAd"":""SEKSEN GÜNDE DÜNYA TURU"",""KitapYazar"":""JULES VERNE"",""SayfaSayısı"":167,""YayınEvi"":""KİTAP VADİSİ""},{""KitapId"":6144,""KitapAd"":""ÖMER SEYFETTİN'DEN SEÇME HİKAYELER"",""KitapYazar"":""ÖMER SEYFETTİN"",""SayfaSayısı"":271,""YayınEvi"":""ANONİM""},{""KitapId"":6146,""KitapAd"":""ÖMER SEYFETTİN'DEN SEÇME HİKAYELER"",""KitapYazar"":""ÖMER SEYFETTİN"",""SayfaSayısı"":271,""YayınEvi"":""ANONİM""},{""KitapId"":6"
"147,""KitapAd"":""ÖMER SEYFETTİN'DEN SEÇME HİKAYELER"",""KitapYazar"":""ÖMER SEYFETTİN"",""SayfaSayısı"":271,""YayınEvi"":""ANONİM""},{""KitapId"":6148,""KitapAd"":""EVVEL ZAMAN İÇİNDE"",""KitapYazar"":""EFLATUN CEM GÜNEY"",""SayfaSayısı"":175,""YayınEvi"":""NAR""},{""KitapId"":6150,""KitapAd"":""EVVEL ZAMAN İÇİNDE"",""KitapYazar"":""EFLATUN CEM GÜNEY"",""SayfaSayısı"":175,""YayınEvi"":""NAR""},{""KitapId"":6151,""KitapAd"":""EVVEL ZAMAN İÇİNDE"",""KitapYazar"":""EFLATUN CEM GÜNEY"",""SayfaSayısı"":175,""YayınEvi"":""NAR""},{""KitapId"":6152,""KitapAd"":""EVVEL ZAMAN İÇİNDE"",""KitapYazar"":""EFLATUN CEM GÜNEY"",""SayfaSayısı"":175,""YayınEvi"":""NAR""},{""KitapId"":6153,""KitapAd"":""HAVAYA UÇAN AT"",""KitapYazar"":""PEYAMİ SAFA"",""SayfaSayısı"":124,""YayınEvi"":""DAMLA""},{""KitapId"":6154,""KitapAd"":""HAVAYA UÇAN AT"",""KitapYazar"":""PEYAMİ SAFA"",""SayfaSayısı"":124,""YayınEvi"":""DAMLA""},{""KitapId"":6155,""KitapAd"":""HAVAYA UÇAN AT"",""KitapYazar"":""PEYAMİ SAFA"",""SayfaSayısı"":124,""YayınEvi"":""DAMLA""},{""KitapId"":6156,""KitapAd"":""HAVAYA UÇAN AT"",""KitapYazar"":""PEYAMİ SAFA"",""SayfaSayısı"":124,""YayınEvi"":""DAMLA""},{""KitapId"":6157,""KitapAd"":""HAVAYA UÇAN AT"",""KitapYazar"":""PEYAMİ SAFA"",""SayfaSayısı"":124,""YayınEvi"":""DAMLA""},{""KitapId"":6158,""KitapAd"":""MELİS YAMAN'IN TUHAF SERÜVENLERİ"",""KitapYazar"":""JENNY ALEXANDER"",""SayfaSayısı"":137,""YayınEvi"":""TÜRKİYE İŞ BANKASI ""},{""KitapId"":6162,""KitapAd"":""KONYA"",""KitapYazar"":""CEZMİ ERSÖZ"",""SayfaSayısı"":47,""YayınEvi"":""ÖZYÜREK""},{""KitapId"":6163,""KitapAd"":""BAŞINI VERMEYEN ŞEHİT"",""KitapYazar"":""ÖMER SEYFETTİN"",""SayfaSayısı"":64,""YayınEvi"":""APERATİF""},{""KitapId"":6164,""KitapAd"":""YALNIZ EFE"",""KitapYazar"":""ÖMER SEYFETTİN"",""SayfaSayısı"":70,""YayınEvi"":""APERATİF""},{""KitapId"":6165,""KitapAd"":""DÜNYANIN MERKEZİNE GEZİ"",""KitapYazar"":""JULES VERNE"",""SayfaSayısı"":80,""YayınEvi"":""BU""},{""KitapId"":6167,""KitapAd"":""DEFİNE ADASI"",""KitapYazar"":""ROBERT L. STEVENSON"",""SayfaSayısı"":80,""YayınEvi"":""BATU""},{""KitapId"":6168,""KitapAd"":""SİYAH İNCİ"",""KitapYazar"":""ANNA SEWELL"",""SayfaSayısı"":159,""YayınEvi"":""KAYA""},{""KitapId"":6169,""KitapAd"":""KEREM İLE ASLI"",""KitapYazar"":""MURAT SEVİNÇ"",""SayfaSayısı"":135,""YayınEvi"":""KAYA""},"
"{""KitapId"":6170,""KitapAd"":""BULUTLARA ŞİİR YAZAN ÇOCUK"",""KitapYazar"":""BEHİÇ AK"",""SayfaSayısı"":159,""YayınEvi"":""GÜN IŞIĞI""},{""KitapId"":6171,""KitapAd"":""SEKOYANA'NIN KAPILARI"",""KitapYazar"":""ŞİİRSEL TAŞ"",""SayfaSayısı"":179,""YayınEvi"":""DOĞAN EGMONT""},{""KitapId"":6172,""KitapAd"":""ŞERMİN"",""KitapYazar"":""TEVFİK FİKRET"",""SayfaSayısı"":86,""YayınEvi"":""DOĞAN EGMONT""},{""KitapId"":6173,""KitapAd"":""BAŞKA MASALLAR"",""KitapYazar"":""İSMAİL KILIÇARSLAN"",""SayfaSayısı"":240,""YayınEvi"":""KETEBE""},{""KitapId"":6174,""KitapAd"":""DEFİNE ADASI"",""KitapYazar"":""ROBERT LOUİS"",""SayfaSayısı"":96,""YayınEvi"":""ETAP""},{""KitapId"":6177,""KitapAd"":""HAVAYA UÇAN AT"",""KitapYazar"":""PEYAMİ SAFA"",""SayfaSayısı"":124,""YayınEvi"":""DAMLA""},{""KitapId"":6179,""KitapAd"":""ROBİN HOOD"",""KitapYazar"":""HOWARD PYLE"",""SayfaSayısı"":127,""YayınEvi"":""SİMGE""},{""KitapId"":6180,""KitapAd"":""SEVGİNİN GÜCÜ"",""KitapYazar"":""CEMAL TELCİ"",""SayfaSayısı"":61,""YayınEvi"":""SİMGE""},{""KitapId"":6182,""KitapAd"":""MİHRACENİN FİLİ"",""KitapYazar"":""TURHAN UĞURKAN "",""SayfaSayısı"":48,""YayınEvi"":""ÖZYÜREK""},{""KitapId"":6183,""KitapAd"":""UZUN HİKAYE"",""KitapYazar"":""MUSTAFA KUTLU"",""SayfaSayısı"":114,""YayınEvi"":""DERGAH""},{""KitapId"":6185,""KitapAd"":""UZUN HİKAYE"",""KitapYazar"":""MUSTAFA KUTLU"",""SayfaSayısı"":114,""YayınEvi"":""DERGAH""},{""KitapId"":6186,""KitapAd"":""UZUN HİKAYE"",""KitapYazar"":""MUSTAFA KUTLU"",""SayfaSayısı"":114,""YayınEvi"":""DERGAH""},{""KitapId"":6188,""KitapAd"":""DOKUZUNCU HARİCİYE KOĞUŞU"",""KitapYazar"":""PEYAMİ SAFA"",""SayfaSayısı"":112,""YayınEvi"":""ÖTÜKEN""},{""KitapId"":6189,""KitapAd"":""DOKUZUNCU HARİCİYE KOĞUŞU"",""KitapYazar"":""PEYAMİ SAFA"",""SayfaSayısı"":112,""YayınEvi"":""ÖTÜKEN""},{""KitapId"":6192,""KitapAd"":""DOKUZUNCU HARİCİYE KOĞUŞU"",""KitapYazar"":""PEYAMİ SAFA"",""SayfaSayısı"":112,""YayınEvi"":""ÖTÜKEN""},{""KitapId"":621,""KitapAd"":""BEŞ ŞEHİR"",""KitapYazar"":""AHMET HAMDİ TANPINAR"",""SayfaSayısı"":207,""YayınEvi"":""DERGAH""},{""KitapId"":622,""KitapAd"":""BEŞ ŞEHİR"",""KitapYazar"":""AHMET HAMDİ TANPINAR"",""SayfaSayısı"":207,""YayınEvi"":""DERGAH""},{""KitapId"":625,""KitapAd"":""BEŞ ŞEHİR"",""KitapYazar"":""AHMET HAMDİ TANPINAR"",""SayfaSayısı"":207,""YayınEvi"":""DERGAH""},{""KitapId"
""":627,""KitapAd"":""BEŞ ŞEHİR"",""KitapYazar"":""AHMET HAMDİ TANPINAR"",""SayfaSayısı"":207,""YayınEvi"":""DERGAH""},{""KitapId"":628,""KitapAd"":""KÜRK MANTOLU MADONNA"",""KitapYazar"":""SABAHATTİN ALİ"",""SayfaSayısı"":182,""YayınEvi"":""ALTIN KİTAPLAR""},{""KitapId"":629,""KitapAd"":""KÜRK MANTOLU MADONNA"",""KitapYazar"":""SABAHATTİN ALİ"",""SayfaSayısı"":182,""YayınEvi"":""ALTIN KİTAPLAR""},{""KitapId"":6210,""KitapAd"":""KÜRK MANTOLU MADONNA"",""KitapYazar"":""SABAHATTİN ALİ"",""SayfaSayısı"":182,""YayınEvi"":""ALTIN KİTAPLAR""},{""KitapId"":6212,""KitapAd"":""KÜRK MANTOLU MADONNA"",""KitapYazar"":""SABAHATTİN ALİ"",""SayfaSayısı"":182,""YayınEvi"":""ALTIN KİTAPLAR""},{""KitapId"":6213,""KitapAd"":""KÜRK MANTOLU MADONNA"",""KitapYazar"":""SABAHATTİN ALİ"",""SayfaSayısı"":182,""YayınEvi"":""ALTIN KİTAPLAR""},{""KitapId"":6214,""KitapAd"":""VATAN YAHUT SİLİSTRE"",""KitapYazar"":""NAMIK KEMAL"",""SayfaSayısı"":104,""YayınEvi"":""ANONİM""},{""KitapId"":6215,""KitapAd"":""İNTİBAH"",""KitapYazar"":""NAMIK KEMAL"",""SayfaSayısı"":192,""YayınEvi"":""ANONİM""},{""KitapId"":6216,""KitapAd"":""SERGÜZEŞT"",""KitapYazar"":""SAMİ PAŞAZADE SEZAİ"",""SayfaSayısı"":119,""YayınEvi"":""ANONİM""},{""KitapId"":6217,""KitapAd"":""AMAK-I HAYAL"",""KitapYazar"":""FİLİBELİ AHMED HİLMİ"",""SayfaSayısı"":279,""YayınEvi"":""KETEBE""},{""KitapId"":6218,""KitapAd"":""VASSAF BEY"",""KitapYazar"":""MEMDUH ŞEVKET ESENDAL"",""SayfaSayısı"":210,""YayınEvi"":""KETEBE""},{""KitapId"":6219,""KitapAd"":""UZUN HİKAYE"",""KitapYazar"":""MUSTAFA KUTLU"",""SayfaSayısı"":114,""YayınEvi"":""DERGAH""},{""KitapId"":6223,""KitapAd"":""GÜN OLUR ASRA BEDEL "",""KitapYazar"":""CENGİZ AYTMATOV"",""SayfaSayısı"":413,""YayınEvi"":""ÖTÜKEN""},{""KitapId"":6225,""KitapAd"":""GÜN OLUR ASRA BEDEL "",""KitapYazar"":""CENGİZ AYTMATOV"",""SayfaSayısı"":413,""YayınEvi"":""ÖTÜKEN""},{""KitapId"":6226,""KitapAd"":""GÜN OLUR ASRA BEDEL "",""KitapYazar"":""CENGİZ AYTMATOV"",""SayfaSayısı"":413,""YayınEvi"":""ÖTÜKEN""},{""KitapId"":6227,""KitapAd"":""GÜN OLUR ASRA BEDEL "",""KitapYazar"":""CENGİZ AYTMATOV"",""SayfaSayısı"":413,""YayınEvi"":""ÖTÜKEN""},{""KitapId"":6228,""KitapAd"":""GÜN OLUR ASRA BEDEL "",""KitapYazar"":""CENGİZ AYTMATOV"",""SayfaSayısı"":413,""YayınEvi"":""ÖTÜKEN""},{""KitapId"":6230,""KitapAd"":""KURT KANUNU"""
",""KitapYazar"":""KEMAL TAHİR"",""SayfaSayısı"":300,""YayınEvi"":""KETEBE""},{""KitapId"":6231,""KitapAd"":""DEVLET ANA"",""KitapYazar"":""KEMAL TAHİR"",""SayfaSayısı"":651,""YayınEvi"":""KETEBE""},{""KitapId"":6232,""KitapAd"":""ESİR ŞEHRİN İNSANLARI"",""KitapYazar"":""KEMAL TAHİR"",""SayfaSayısı"":443,""YayınEvi"":""KETEBE""},{""KitapId"":6235,""KitapAd"":""REİS BEY"",""KitapYazar"":""NECP FAZIL KISAKÜREK"",""SayfaSayısı"":152,""YayınEvi"":""BÜYÜK DOĞU""},{""KitapId"":6238,""KitapAd"":""REİS BEY"",""KitapYazar"":""NECP FAZIL KISAKÜREK"",""SayfaSayısı"":152,""YayınEvi"":""BÜYÜK DOĞU""},{""KitapId"":6240,""KitapAd"":""HALİME KAPTAN"",""KitapYazar"":""RIFAT ILGAZ"",""SayfaSayısı"":164,""YayınEvi"":""ÇINAR""},{""KitapId"":6241,""KitapAd"":""HALİME KAPTAN"",""KitapYazar"":""RIFAT ILGAZ"",""SayfaSayısı"":164,""YayınEvi"":""ÇINAR""},{""KitapId"":6242,""KitapAd"":""HALİME KAPTAN"",""KitapYazar"":""RIFAT ILGAZ"",""SayfaSayısı"":164,""YayınEvi"":""ÇINAR""},{""KitapId"":6245,""KitapAd"":""HALİME KAPTAN"",""KitapYazar"":""RIFAT ILGAZ"",""SayfaSayısı"":164,""YayınEvi"":""ÇINAR""},{""KitapId"":6246,""KitapAd"":""HALİME KAPTAN"",""KitapYazar"":""RIFAT ILGAZ"",""SayfaSayısı"":164,""YayınEvi"":""ÇINAR""},{""KitapId"":2222,""KitapAd"":""Deneme"",""KitapYazar"":""emre"",""SayfaSayısı"":31,""YayınEvi"":""""},{""KitapId"":5110,""KitapAd"":""CHOPIN"",""KitapYazar"":""AYDIN BÜKE"",""SayfaSayısı"":356,""YayınEvi"":""CAN""},{""KitapId"":5112,""KitapAd"":""CESUR YENİ DÜNYA"",""KitapYazar"":""ALDOUS HUXLEY"",""SayfaSayısı"":266,""YayınEvi"":""İTHAKİ YAYINLARI""},{""KitapId"":5120,""KitapAd"":""YER DEMİR GÖK BAKIR"",""KitapYazar"":""YAŞAR KEMAL"",""SayfaSayısı"":383,""YayınEvi"":""YAPIKREDİ""},{""KitapId"":5126,""KitapAd"":""MOR SALKIMLI EV"",""KitapYazar"":""HALİDE EDİP ADIVAR"",""SayfaSayısı"":328,""YayınEvi"":""CAN MİRAS""},{""KitapId"":5131,""KitapAd"":""UGULTULU TEPELER"",""KitapYazar"":""EMILY BRONTE"",""SayfaSayısı"":405,""YayınEvi"":""CAN KLASİK""},{""KitapId"":5138,""KitapAd"":""SANDIK LEKESİ"",""KitapYazar"":""SEMA KAYGUSUZ"",""SayfaSayısı"":85,""YayınEvi"":""METİS""},{""KitapId"":525,""KitapAd"":""İMPARATORLUGA VEDA"",""KitapYazar"":""FEHMİ DEMİRBAG"",""SayfaSayısı"":104,""YayınEvi"":""EFOR""},{""KitapId"":5211,""KitapAd"":""ÇOCUKLUGUN SOGUK GECELERİ"",""KitapYazar"":""TEZER ÖZLÜ"",""SayfaSayısı"":65,"
"""YayınEvi"":""YAPIKREDİ""},{""KitapId"":5216,""KitapAd"":""KÜÇÜK PRENS"",""KitapYazar"":""ANTOİNE DE SAİNT EXUPERY"",""SayfaSayısı"":80,""YayınEvi"":""YUVA ""},{""KitapId"":5224,""KitapAd"":""PİNOKYO"",""KitapYazar"":""CARLO COLLODİ"",""SayfaSayısı"":96,""YayınEvi"":""ÜLKEM DAGITIM""},{""KitapId"":5227,""KitapAd"":""ÜÇ SİLAHŞORLAR"",""KitapYazar"":""ALEXANRDE DUMAS"",""SayfaSayısı"":158,""YayınEvi"":""İNKLAB""},{""KitapId"":5274,""KitapAd"":""SON MOHİKAN"",""KitapYazar"":""JAMS FENİMORE COOPER"",""SayfaSayısı"":72,""YayınEvi"":""APERATİF""},{""KitapId"":5431,""KitapAd"":""GULLİVER CÜCELER ÜLKESİNDE"",""KitapYazar"":""JONATHAN SWİFT"",""SayfaSayısı"":94,""YayınEvi"":""GENDAŞ ÇOCUK""},{""KitapId"":5496,""KitapAd"":""SÜPER ZEKA SORUNLARI"",""KitapYazar"":""MURAT TAKMA"",""SayfaSayısı"":96,""YayınEvi"":""ARES""},{""KitapId"":623,""KitapAd"":""BEŞ ŞEHİR"",""KitapYazar"":""AHMET HAMDİ TANPINAR"",""SayfaSayısı"":207,""YayınEvi"":""DERGAH""},{""KitapId"":6248,""KitapAd"":""O VE BEN"",""KitapYazar"":""NECİP FAZIL KISAKÜREK"",""SayfaSayısı"":257,""YayınEvi"":""BÜYÜK DOĞU""},{""KitapId"":5117,""KitapAd"":""YUSUFÇUK YUSUF"",""KitapYazar"":""YAŞAR KEMAL"",""SayfaSayısı"":662,""YayınEvi"":""YAPIKREDİ""},{""KitapId"":5134,""KitapAd"":""ARKADAŞ ISLIKLARI"",""KitapYazar"":""ORHAN KEMAL"",""SayfaSayısı"":254,""YayınEvi"":""EVEREST""},{""KitapId"":5139,""KitapAd"":""ÇOCUKLAR İÇİN NUTUK"",""KitapYazar"":""MUSTAFA KEMAL ATATÜRK"",""SayfaSayısı"":137,""YayınEvi"":""REN ÇOCUK""},{""KitapId"":522,""KitapAd"":""YAZARLIK SINIFI"",""KitapYazar"":""FEYZA HEPÇİLİNGİRLER"",""SayfaSayısı"":194,""YayınEvi"":""KIRMIZI KEDİ""},{""KitapId"":523,""KitapAd"":""ŞİİR SALDIM GÖKYÜZÜNE"",""KitapYazar"":""MAVİSEL YENER"",""SayfaSayısı"":112,""YayınEvi"":""TUDEM""},{""KitapId"":524,""KitapAd"":""HÜRRİYET GECESİ"",""KitapYazar"":""ÖMER SEYFETTİN"",""SayfaSayısı"":207,""YayınEvi"":""KETEBİ""},{""KitapId"":5220,""KitapAd"":""BİR BAŞKA ZAMAN RAMAZAN"",""KitapYazar"":""AYŞENUR GÖNEN"",""SayfaSayısı"":263,""YayınEvi"":""SERVER""},{""KitapId"":5221,""KitapAd"":""ÇOCUK KALBİ"",""KitapYazar"":""EDMONDO DE AMICIS"",""SayfaSayısı"":345,""YayınEvi"":""KIRMIZI KEDİ""},{""KitapId"":5222,""KitapAd"":""MERAKLI KAŞİF"",""KitapYazar"":""HAZIM OLCAY"",""SayfaSayısı"":80,""YayınEvi"":""MOR IŞIK""},{""KitapId"":5237,""KitapAd"":""ESRAR"
"LI ADAM"",""KitapYazar"":""JULES VERNE"",""SayfaSayısı"":80,""YayınEvi"":""ÜNLÜ""},{""KitapId"":5238,""KitapAd"":""GÜLMEYİ BİLEN MÜDÜR ARANIYOR"",""KitapYazar"":""MEHMET ATİLLA"",""SayfaSayısı"":94,""YayınEvi"":""TUDEM""},{""KitapId"":5239,""KitapAd"":""THOMAS ALVA EDİSON KİMDİR"",""KitapYazar"":""MARGARET FRİTH"",""SayfaSayısı"":109,""YayınEvi"":""BEYAZ BALİNA""},{""KitapId"":5243,""KitapAd"":""KİTAPTAKİ ŞİFRENİZ İZİNDE"",""KitapYazar"":""MERYEM UÇAR"",""SayfaSayısı"":80,""YayınEvi"":""ERDEM ÇOCUK""},{""KitapId"":5245,""KitapAd"":""KAR TANESİ"",""KitapYazar"":""MUSTAFA GEZER"",""SayfaSayısı"":80,""YayınEvi"":""YUVA""},{""KitapId"":5248,""KitapAd"":""PETER PAN"",""KitapYazar"":""JAMES MATTHEW "",""SayfaSayısı"":80,""YayınEvi"":""ATA""},{""KitapId"":5249,""KitapAd"":""ORMAN KİTABI"",""KitapYazar"":""RUDYARD KIPLING"",""SayfaSayısı"":108,""YayınEvi"":""ÇOCUK GEZEGENİ""},{""KitapId"":5251,""KitapAd"":""ABRAKADABRA"",""KitapYazar"":""DOGAN EGMANT"",""SayfaSayısı"":93,""YayınEvi"":""HÜRRİYET""},{""KitapId"":5253,""KitapAd"":""TÜNELDEN KAÇIŞ"",""KitapYazar"":""DOGAN EGMANT"",""SayfaSayısı"":92,""YayınEvi"":""HÜRRİYET""},{""KitapId"":5254,""KitapAd"":""TEHLİKELİ OYUN"",""KitapYazar"":""DOGAN EGMANT"",""SayfaSayısı"":92,""YayınEvi"":""HÜRRİYET""},{""KitapId"":5259,""KitapAd"":""MAHALLE SİNEMASI"",""KitapYazar"":""SEVİM AK"",""SayfaSayısı"":94,""YayınEvi"":""CAN ""},{""KitapId"":5260,""KitapAd"":""KARAGÖZ VE HACİVAT"",""KitapYazar"":""ANONİM"",""SayfaSayısı"":95,""YayınEvi"":""TİMAŞ""},{""KitapId"":5491,""KitapAd"":""ÇALIKUŞU"",""KitapYazar"":""REŞAT NURİ GÜNTEKİN"",""SayfaSayısı"":124,""YayınEvi"":""İNKILAP""},{""KitapId"":54103,""KitapAd"":""ESRARLI ADA"",""KitapYazar"":""JULES VERNE"",""SayfaSayısı"":88,""YayınEvi"":""MAVİÇATI""},{""KitapId"":54110,""KitapAd"":""HEİDİ"",""KitapYazar"":""JOHANNA SPYRİ"",""SayfaSayısı"":96,""YayınEvi"":""MERAM""},{""KitapId"":616,""KitapAd"":""FALAKA"",""KitapYazar"":""AHMET RASİM"",""SayfaSayısı"":96,""YayınEvi"":""İSKELE""},{""KitapId"":619,""KitapAd"":""FALAKA"",""KitapYazar"":""AHMET RASİM"",""SayfaSayısı"":96,""YayınEvi"":""İSKELE""},{""KitapId"":6115,""KitapAd"":""YANKILI KAYALAR"",""KitapYazar"":""AHMET YILMAZ BOYUNAĞA"",""SayfaSayısı"":112,""YayınEvi"":""TİMAŞ""},{""KitapId"":6116,""KitapAd"":""YANKILI KAYALAR"",""KitapYazar"":""AHMET YILMAZ BOYUNAĞA"""
",""SayfaSayısı"":112,""YayınEvi"":""TİMAŞ""},{""KitapId"":6159,""KitapAd"":""BASKIN"",""KitapYazar"":""ERSİN TERES "",""SayfaSayısı"":85,""YayınEvi"":""MUŞTU""},{""KitapId"":6161,""KitapAd"":""KENDİ YOLUNDA"",""KitapYazar"":""FATMA BURÇAK"",""SayfaSayısı"":102,""YayınEvi"":""KELİME""},{""KitapId"":6166,""KitapAd"":""POLLYANNA"",""KitapYazar"":""ELEANOR PORTER"",""SayfaSayısı"":64,""YayınEvi"":""SIRADIŞI""},{""KitapId"":6175,""KitapAd"":""KURŞUN ASKER"",""KitapYazar"":""BAYRAM ÖZCAN"",""SayfaSayısı"":48,""YayınEvi"":""ÜNLÜ ÇOCUK""},{""KitapId"":6176,""KitapAd"":""LEVENT ŞANLIURFA'DA"",""KitapYazar"":""MUSTAFA ORAKÇI"",""SayfaSayısı"":92,""YayınEvi"":""TİMAŞ""},{""KitapId"":6187,""KitapAd"":""UZUN HİKAYE"",""KitapYazar"":""MUSTAFA KUTLU"",""SayfaSayısı"":114,""YayınEvi"":""DERGAH""},{""KitapId"":6193,""KitapAd"":""DOKUZUNCU HARİCİYE KOĞUŞU"",""KitapYazar"":""PEYAMİ SAFA"",""SayfaSayısı"":112,""YayınEvi"":""ÖTÜKEN""},{""KitapId"":6221,""KitapAd"":""UZUN HİKAYE"",""KitapYazar"":""MUSTAFA KUTLU"",""SayfaSayısı"":114,""YayınEvi"":""DERGAH""},{""KitapId"":6224,""KitapAd"":""GÜN OLUR ASRA BEDEL "",""KitapYazar"":""CENGİZ AYTMATOV"",""SayfaSayısı"":413,""YayınEvi"":""ÖTÜKEN""},{""KitapId"":5264,""KitapAd"":""TEKNEDE 3 ADAM"",""KitapYazar"":""JEROME K.JEROME"",""SayfaSayısı"":80,""YayınEvi"":""APERATİF ""},{""KitapId"":5268,""KitapAd"":""GÜLLİVERİN GEZİLERİ"",""KitapYazar"":""JONATHAN SWIFT"",""SayfaSayısı"":94,""YayınEvi"":""NAR ÇOCUK""},{""KitapId"":5487,""KitapAd"":""KONUŞAN EŞYALAR"",""KitapYazar"":""SAVAŞ ÜNLÜ"",""SayfaSayısı"":48,""YayınEvi"":""MORIŞIK""},{""KitapId"":5450,""KitapAd"":""BALONLA BEŞ HAFTA"",""KitapYazar"":""JULES VERNE"",""SayfaSayısı"":128,""YayınEvi"":""TİMAŞ""},{""KitapId"":5661,""KitapAd"":""OYUN İLE BÜYÜR ÇOCUKLAR"",""KitapYazar"":""CELAL AKBAŞ"",""SayfaSayısı"":89,""YayınEvi"":""ÇOCUK GEZEGENİ""},{""KitapId"":5466,""KitapAd"":""PEMBE İNCİLLİ KAFTAN "",""KitapYazar"":""ÖMER SEYFETTİN"",""SayfaSayısı"":64,""YayınEvi"":""ÜNLÜ""},{""KitapId"":5468,""KitapAd"":""TİRYAKİ SÖZLERİ "",""KitapYazar"":""CENAP ŞAHABETTİN"",""SayfaSayısı"":80,""YayınEvi"":""FER""},{""KitapId"":6249,""KitapAd"":""İLYADA"",""KitapYazar"":""HOMEROS"",""SayfaSayısı"":547,""YayınEvi"":""TÜRKİYE İŞ BANKASI""},{""KitapId"":5265,""KitapAd"":""ETİYOPYALI DİNARİ"",""KitapYazar"":""ŞENOL YANIK"",""SayfaS"
"ayısı"":64,""YayınEvi"":""KALİTELİ EGİTİM""},{""KitapId"":5297,""KitapAd"":""SAKIZ SARDUNYA"",""KitapYazar"":""ELİF ŞAFAK"",""SayfaSayısı"":151,""YayınEvi"":""DOĞN EGMONT""},{""KitapId"":5304,""KitapAd"":""AYNANIN İÇİNDEN "",""KitapYazar"":""LEWİS CARROLL"",""SayfaSayısı"":170,""YayınEvi"":""CAN""},{""KitapId"":5332,""KitapAd"":""SÖZ DUÜŞ MAKİNESİ"",""KitapYazar"":""STEFANO BORDİGLİONİ"",""SayfaSayısı"":107,""YayınEvi"":""CAN""},{""KitapId"":5330,""KitapAd"":""DÜNYAYI DÖNDÜREN KIZ"",""KitapYazar"":""ASLI TOHUMCU"",""SayfaSayısı"":108,""YayınEvi"":""CAN""},{""KitapId"":5328,""KitapAd"":""BACH YÜRÜRKEN"",""KitapYazar"":""GÖKNİL ÖZKÖK"",""SayfaSayısı"":189,""YayınEvi"":""CAN""},{""KitapId"":5325,""KitapAd"":""ÇOK EVİN YOK KEDİSİ"",""KitapYazar"":""GÖKNİL ÖZKÖK"",""SayfaSayısı"":104,""YayınEvi"":""CAN""},{""KitapId"":5322,""KitapAd"":""KIYIDAKİ ÇOCUKLAR"",""KitapYazar"":""BARIŞ İNCE"",""SayfaSayısı"":63,""YayınEvi"":""CAN""},{""KitapId"":5321,""KitapAd"":""MATİLDA "",""KitapYazar"":""ROALD DAHL"",""SayfaSayısı"":252,""YayınEvi"":""CAN""},{""KitapId"":5334,""KitapAd"":""ÇOCUKLARLA BERABER"",""KitapYazar"":""DOSTOYEVSKİ"",""SayfaSayısı"":80,""YayınEvi"":""CAN""},{""KitapId"":5337,""KitapAd"":""NAR EVİ"",""KitapYazar"":""OSCAR WİLDE"",""SayfaSayısı"":123,""YayınEvi"":""CAN""},{""KitapId"":5338,""KitapAd"":""VAHŞİ KİTAP"",""KitapYazar"":""JUAN VİLLORO"",""SayfaSayısı"":269,""YayınEvi"":""CAN""},{""KitapId"":5341,""KitapAd"":""AYLAKLAR KUMSALI"",""KitapYazar"":""ALEX NOGUES"",""SayfaSayısı"":85,""YayınEvi"":""CAN""},{""KitapId"":5344,""KitapAd"":""DEV BİR BENEK"",""KitapYazar"":""DİLEK SEVER"",""SayfaSayısı"":125,""YayınEvi"":""CAN""},{""KitapId"":5348,""KitapAd"":""BARIŞ ÇOCUK"",""KitapYazar"":""BİLGİN ADALI"",""SayfaSayısı"":127,""YayınEvi"":""YAPI KREDİ""},{""KitapId"":5350,""KitapAd"":""GEÇMİŞTEN GELEN KONUKLAR"",""KitapYazar"":""BİLGİN ADALI"",""SayfaSayısı"":92,""YayınEvi"":""CAN""},{""KitapId"":5352,""KitapAd"":""SAÇLARINDA SORU İŞAETLERİ"",""KitapYazar"":""SEVİM AK"",""SayfaSayısı"":173,""YayınEvi"":""CAN""},{""KitapId"":5374,""KitapAd"":""YENİDEN DENİZ OLMAK"",""KitapYazar"":""ANIL MERT ÖZSOY"",""SayfaSayısı"":102,""YayınEvi"":""CAN""},{""KitapId"":5377,""KitapAd"":""ŞİŞKOLARLA SISKALAR"",""KitapYazar"":""ANDRE MAUROİS"",""SayfaSayısı"":102,""YayınEvi"":""CAN""},{""KitapId"":5380,""KitapA"
"d"":""ÇALILAR DİYARI"",""KitapYazar"":""ALTAY ÖKTEM"",""SayfaSayısı"":83,""YayınEvi"":""CAN""},{""KitapId"":548,""KitapAd"":""DEFİNE ADASI"",""KitapYazar"":""ROBERT LOUIS"",""SayfaSayısı"":96,""YayınEvi"":""ROBERT LOUIS""},{""KitapId"":5417,""KitapAd"":""MUHAMMED ALİ"",""KitapYazar"":""CASSİUS M. CLAY"",""SayfaSayısı"":93,""YayınEvi"":""UĞURBÖCEĞİ""},{""KitapId"":5418,""KitapAd"":""SON KUŞLAR"",""KitapYazar"":""SAİT FAİK ABASIYANIK"",""SayfaSayısı"":134,""YayınEvi"":""TÜRKİYE İŞ""},{""KitapId"":5474,""KitapAd"":""SEKSEN GÜNDE DÜNYA TURU"",""KitapYazar"":""JULES VERNE"",""SayfaSayısı"":80,""YayınEvi"":""BU""},{""KitapId"":5477,""KitapAd"":""BÜYÜK UMUTLAR"",""KitapYazar"":""CHARLES DİCKENS"",""SayfaSayısı"":81,""YayınEvi"":""MAVİÇATI""},{""KitapId"":5478,""KitapAd"":""OLIVER TWIST"",""KitapYazar"":""CHARLES DICKENS"",""SayfaSayısı"":62,""YayınEvi"":""İLKBİZ""},{""KitapId"":5479,""KitapAd"":""5 MASAL 5 HAYAT"",""KitapYazar"":""CELAL AKBAŞ"",""SayfaSayısı"":95,""YayınEvi"":""ÇOCUK GEZEGENİ""},{""KitapId"":5483,""KitapAd"":""YALNIZ EFE"",""KitapYazar"":""ÖMER SEYFETTİN"",""SayfaSayısı"":80,""YayınEvi"":""DURU""},{""KitapId"":5485,""KitapAd"":""HALK HİKAYELERİ"",""KitapYazar"":""SARA GÜRBÜZ ÖZEREN"",""SayfaSayısı"":64,""YayınEvi"":""DAMLA""},{""KitapId"":5488,""KitapAd"":""TÜRK ATASÖZLERİNDEN SEÇMELER"",""KitapYazar"":""ZEYNEP GÜLSÜM SAĞLAM"",""SayfaSayısı"":80,""YayınEvi"":""ERDEM ÇOCUK""},{""KitapId"":5458,""KitapAd"":""BAHAR VE KELEBEKLER"",""KitapYazar"":""ÖMER SEYFETTİN"",""SayfaSayısı"":80,""YayınEvi"":""PARILTI""},{""KitapId"":5662,""KitapAd"":""ÇEKİM GÜCÜ"",""KitapYazar"":""CELAL AKBAŞ"",""SayfaSayısı"":89,""YayınEvi"":""ÇOCUK GEZEGENİ""},{""KitapId"":5663,""KitapAd"":""KESTANE BALI"",""KitapYazar"":""CELAL AKBAŞ"",""SayfaSayısı"":96,""YayınEvi"":""ÇOCUK GEZEGENİ""},{""KitapId"":5469,""KitapAd"":""MEVLANA"",""KitapYazar"":""AHMET UÇAR"",""SayfaSayısı"":60,""YayınEvi"":""GİZEMLİ BAHÇE""},{""KitapId"":5470,""KitapAd"":""HERKESİN İÇTİĞİ SU"",""KitapYazar"":""ÖMER SEYFETTİN"",""SayfaSayısı"":60,""YayınEvi"":""KARATAY ÇOCUK""},{""KitapId"":5440,""KitapAd"":""KAŞAĞI"",""KitapYazar"":""ÖMER SEYFETTİN"",""SayfaSayısı"":159,""YayınEvi"":""PARILTI""},{""KitapId"":5441,""KitapAd"":""KAÇIRILAN ÇOCUK"",""KitapYazar"":""ROBERT LOUİS STEVENSON"",""SayfaSayısı"":56,""YayınEvi"":""MAVİÇATI""}"
",{""KitapId"":5443,""KitapAd"":""FALAKA "",""KitapYazar"":""ÖMER SEYFETTİN"",""SayfaSayısı"":65,""YayınEvi"":""KARATAY ÇOCUK""},{""KitapId"":5422,""KitapAd"":""UÇAN SINIF"",""KitapYazar"":""ERİCH KASTNER"",""SayfaSayısı"":158,""YayınEvi"":""MÜJDE""},{""KitapId"":5425,""KitapAd"":""PERİLİ KÖŞK"",""KitapYazar"":""ÖMER SEYFETTİN"",""SayfaSayısı"":80,""YayınEvi"":""KARATAY ÇOCUK""},{""KitapId"":5490,""KitapAd"":""BAŞARI AVCILARI"",""KitapYazar"":""DURAN ÇETİN"",""SayfaSayısı"":120,""YayınEvi"":""BEYAZ PANDA""},{""KitapId"":5492,""KitapAd"":""YAŞLI ADAM VE DENİZ"",""KitapYazar"":""ERNEST HEMİNGWAY"",""SayfaSayısı"":132,""YayınEvi"":""BİLGİ""},{""KitapId"":5495,""KitapAd"":""KIRK EV KEDİSİ"",""KitapYazar"":""KEMALETTİN TUĞCU"",""SayfaSayısı"":80,""YayınEvi"":""DAMLA""},{""KitapId"":54101,""KitapAd"":""DENİZDE BULUNAN ÇOCUK"",""KitapYazar"":""JULES VERNE"",""SayfaSayısı"":79,""YayınEvi"":""MAVİÇATI""},{""KitapId"":54107,""KitapAd"":""KAŞAĞI"",""KitapYazar"":""ÖMER SEYFETTİN"",""SayfaSayısı"":79,""YayınEvi"":""PARILTI""},{""KitapId"":54112,""KitapAd"":""TÜRK MANİLERİNDEN SEÇMELER"",""KitapYazar"":""ALİ KEMAL"",""SayfaSayısı"":124,""YayınEvi"":""PARILTI""},{""KitapId"":54121,""KitapAd"":""KIYAMET KAPISI"",""KitapYazar"":""ASLI TOHUMCU"",""SayfaSayısı"":184,""YayınEvi"":""GÜN IŞIĞI""},{""KitapId"":614,""KitapAd"":""EVVEL ZAMAN İÇİNDE"",""KitapYazar"":""EFLATUN CEM GÜNEY"",""SayfaSayısı"":175,""YayınEvi"":""NAR GENÇ""},{""KitapId"":618,""KitapAd"":""FALAKA"",""KitapYazar"":""AHMET RASİM"",""SayfaSayısı"":96,""YayınEvi"":""İSKELE""},{""KitapId"":6119,""KitapAd"":""FALAKA"",""KitapYazar"":""AHMET RASİM"",""SayfaSayısı"":96,""YayınEvi"":""İSKELE""},{""KitapId"":6142,""KitapAd"":""ÖMER SEYFETTİN'DEN SEÇME HİKAYELER"",""KitapYazar"":""ÖMER SEYFETTİN"",""SayfaSayısı"":271,""YayınEvi"":""ANONİM""},{""KitapId"":6160,""KitapAd"":""KİTAPLARDAN KORKAN ÇOCUK"",""KitapYazar"":""SUSANNA TAMARO"",""SayfaSayısı"":41,""YayınEvi"":""CAN""},{""KitapId"":6178,""KitapAd"":""HAVAYA UÇAN AT"",""KitapYazar"":""PEYAMİ SAFA"",""SayfaSayısı"":124,""YayınEvi"":""DAMLA""},{""KitapId"":6184,""KitapAd"":""UZUN HİKAYE"",""KitapYazar"":""MUSTAFA KUTLU"",""SayfaSayısı"":114,""YayınEvi"":""DERGAH""},{""KitapId"":6191,""KitapAd"":""DOKUZUNCU HARİCİYE KOĞUŞU"",""KitapYazar"":""PEYAMİ SAFA"",""SayfaSayısı"":112,""YayınEvi"":""Ö"
"TÜKEN""},{""KitapId"":6220,""KitapAd"":""UZUN HİKAYE"",""KitapYazar"":""MUSTAFA KUTLU"",""SayfaSayısı"":114,""YayınEvi"":""DERGAH""},{""KitapId"":6237,""KitapAd"":""REİS BEY"",""KitapYazar"":""NECP FAZIL KISAKÜREK"",""SayfaSayısı"":152,""YayınEvi"":""BÜYÜK DOĞU""},{""KitapId"":5362,""KitapAd"":""İLYADA"",""KitapYazar"":""HOMEROS"",""SayfaSayısı"":92,""YayınEvi"":""CAN""},{""KitapId"":5373,""KitapAd"":""ERİK ÇEKİRDEĞİ"",""KitapYazar"":""LEV TOLSTOY"",""SayfaSayısı"":68,""YayınEvi"":""CAN""},{""KitapId"":547,""KitapAd"":""DEFİNE ADASI"",""KitapYazar"":""ROBERT LOUIS"",""SayfaSayısı"":96,""YayınEvi"":""ROBERT LOUIS""},{""KitapId"":5484,""KitapAd"":""SÜRGÜN SEVDALARI"",""KitapYazar"":""SEFA KAPLAN"",""SayfaSayısı"":84,""YayınEvi"":""BİRLİK""},{""KitapId"":5455,""KitapAd"":""ARABİSTAN ÇÖLLERİNDE"",""KitapYazar"":""İ. HAKKI SUNAT"",""SayfaSayısı"":48,""YayınEvi"":""ÖZYÜREK""},{""KitapId"":5460,""KitapAd"":""80 GÜNDE DÜNYA TURU"",""KitapYazar"":""JULES VERNE"",""SayfaSayısı"":80,""YayınEvi"":""PARILTI""},{""KitapId"":5499,""KitapAd"":""YÜREKDEDE İLE PADİŞAH"",""KitapYazar"":""CAHİT ZARİFOĞU"",""SayfaSayısı"":95,""YayınEvi"":""BEYAN""},{""KitapId"":54118,""KitapAd"":""DÜNYANIN MERKEZİNE YOLCULUK"",""KitapYazar"":""JULES VERNE"",""SayfaSayısı"":142,""YayınEvi"":""BEYAZ BALİNA""},{""KitapId"":6110,""KitapAd"":""FALAKA"",""KitapYazar"":""AHMET RASİM"",""SayfaSayısı"":96,""YayınEvi"":""İSKELE""},{""KitapId"":6125,""KitapAd"":""DEFİNE ADASI"",""KitapYazar"":""ROBERT LOUİS STEVENSON"",""SayfaSayısı"":111,""YayınEvi"":""MAVİ ÇATI""},{""KitapId"":6133,""KitapAd"":""YALNIZ EFE"",""KitapYazar"":""ÖMER SEYFETTİN"",""SayfaSayısı"":70,""YayınEvi"":""MAVİ ÇATI""},{""KitapId"":6136,""KitapAd"":""SEKSEN GÜNDE DÜNYA TURU"",""KitapYazar"":""JULES VERNE"",""SayfaSayısı"":167,""YayınEvi"":""KİTAP VADİSİ""},{""KitapId"":6143,""KitapAd"":""ÖMER SEYFETTİN'DEN SEÇME HİKAYELER"",""KitapYazar"":""ÖMER SEYFETTİN"",""SayfaSayısı"":271,""YayınEvi"":""ANONİM""},{""KitapId"":6145,""KitapAd"":""ÖMER SEYFETTİN'DEN SEÇME HİKAYELER"",""KitapYazar"":""ÖMER SEYFETTİN"",""SayfaSayısı"":271,""YayınEvi"":""ANONİM""},{""KitapId"":6149,""KitapAd"":""EVVEL ZAMAN İÇİNDE"",""KitapYazar"":""EFLATUN CEM GÜNEY"",""SayfaSayısı"":175,""YayınEvi"":""NAR""},{""KitapId"":6181,""KitapAd"":""HAYALLERİNİN PEŞİNDEN UÇ"",""KitapYazar"":""G"
"ÖNÜL SİMPSON"",""SayfaSayısı"":41,""YayınEvi"":""YEŞİL DİNOZOR""},{""KitapId"":6190,""KitapAd"":""DOKUZUNCU HARİCİYE KOĞUŞU"",""KitapYazar"":""PEYAMİ SAFA"",""SayfaSayısı"":112,""YayınEvi"":""ÖTÜKEN""},{""KitapId"":624,""KitapAd"":""BEŞ ŞEHİR"",""KitapYazar"":""AHMET HAMDİ TANPINAR"",""SayfaSayısı"":207,""YayınEvi"":""DERGAH""},{""KitapId"":626,""KitapAd"":""BEŞ ŞEHİR"",""KitapYazar"":""AHMET HAMDİ TANPINAR"",""SayfaSayısı"":207,""YayınEvi"":""DERGAH""},{""KitapId"":6211,""KitapAd"":""KÜRK MANTOLU MADONNA"",""KitapYazar"":""SABAHATTİN ALİ"",""SayfaSayısı"":182,""YayınEvi"":""ALTIN KİTAPLAR""},{""KitapId"":6222,""KitapAd"":""UZUN HİKAYE"",""KitapYazar"":""MUSTAFA KUTLU"",""SayfaSayısı"":114,""YayınEvi"":""DERGAH""},{""KitapId"":6229,""KitapAd"":""ESİR ŞEHRİN MAHPUSU"",""KitapYazar"":""KEMAL TAHİR"",""SayfaSayısı"":356,""YayınEvi"":""KETEBE""},{""KitapId"":6233,""KitapAd"":""REİS BEY"",""KitapYazar"":""NECP FAZIL KISAKÜREK"",""SayfaSayısı"":152,""YayınEvi"":""BÜYÜK DOĞU""},{""KitapId"":6234,""KitapAd"":""REİS BEY"",""KitapYazar"":""NECP FAZIL KISAKÜREK"",""SayfaSayısı"":152,""YayınEvi"":""BÜYÜK DOĞU""},{""KitapId"":6236,""KitapAd"":""REİS BEY"",""KitapYazar"":""NECP FAZIL KISAKÜREK"",""SayfaSayısı"":152,""YayınEvi"":""BÜYÜK DOĞU""},{""KitapId"":6239,""KitapAd"":""REİS BEY"",""KitapYazar"":""NECP FAZIL KISAKÜREK"",""SayfaSayısı"":152,""YayınEvi"":""BÜYÜK DOĞU""},{""KitapId"":6243,""KitapAd"":""HALİME KAPTAN"",""KitapYazar"":""RIFAT ILGAZ"",""SayfaSayısı"":164,""YayınEvi"":""ÇINAR""},{""KitapId"":6247,""KitapAd"":""ÇÖLE İNEN NUR"",""KitapYazar"":""NECİP FAZIL KISAKÜREK"",""SayfaSayısı"":598,""YayınEvi"":""BÜYÜK DOĞU""},{""KitapId"":6244,""KitapAd"":""HALİME KAPTAN"",""KitapYazar"":""RIFAT ILGAZ"",""SayfaSayısı"":164,""YayınEvi"":""ÇINAR""}]"
